,0_n,0_p,1_n,1_p,2_n,2_p,3_n,3_p,4_n,4_p,5_n,5_p,6_n,6_p,7_n,7_p,8_n,8_p,9_n,9_p,10_n,10_p,11_n,11_p,12_n,12_p,13_n,13_p,14_n,14_p,15_n,15_p
0,WBGene00002048,1.2081233663159286e-150,WBGene00001398,4.5237496827821245e-136,WBGene00004855,2.977966622073828e-128,WBGene00003963,2.4342123522386957e-147,WBGene00002048,4.2459039789802935e-191,WBGene00001263,3.096984962286374e-178,WBGene00006444,7.017940497141695e-20,WBGene00001263,1.2800210177161066e-207,WBGene00019940,4.327994840344551e-113,WBGene00012148,9.548024329536381e-187,WBGene00018398,2.473572555826561e-47,WBGene00017012,2.1262580241876997e-106,WBGene00000857,1.7069643160997053e-38,WBGene00013025,1.072050827212485e-40,WBGene00021973,8.151886700628667e-36,WBGene00001945,4.415396989939335e-08
1,WBGene00000403,1.6204835180897515e-96,WBGene00007836,1.4250917852128482e-134,WBGene00001423,3.6464647965617803e-87,WBGene00002007,1.4725519521502713e-117,WBGene00000277,5.552784603143564e-105,WBGene00002247,3.8277987872152638e-174,WBGene00009322,1.4957010137881411e-18,WBGene00004736,4.505522429378867e-180,WBGene00000962,9.688057542383494e-88,WBGene00018877,2.392744662150619e-118,WBGene00016006,9.293830288153405e-47,WBGene00002173,4.772495202809402e-87,WBGene00003911,2.0172614272797578e-16,WBGene00006917,2.6169376210968313e-39,WBGene00001007,1.1207054371057226e-31,WBGene00003914,4.425878631266333e-08
2,WBGene00004921,5.568906914583602e-85,WBGene00010988,6.6861639523470936e-127,WBGene00017075,7.090983602219687e-86,WBGene00000802,6.888351456160539e-96,WBGene00000403,1.0836286589909602e-89,WBGene00002978,4.724301219128752e-149,WBGene00003048,6.784976433500159e-18,WBGene00000822,2.1642578277032385e-171,WBGene00000479,8.77770041142387e-86,WBGene00000802,3.8352387818398767e-91,WBGene00002978,6.725239634638655e-44,WBGene00011480,2.9295404352343686e-84,WBGene00001650,7.570870111381058e-15,WBGene00006921,8.027711138181921e-24,WBGene00007591,2.4117152438246684e-31,WBGene00004682,4.450429693301747e-08
3,WBGene00004364,1.8182935696553024e-68,WBGene00007210,7.326995247062221e-124,WBGene00022042,1.8699906893968523e-67,WBGene00003964,3.4700077155305555e-91,WBGene00000906,2.82776088702232e-55,WBGene00016913,9.024459717577772e-148,WBGene00009532,3.673681678292119e-17,WBGene00002978,4.238851496308195e-161,WBGene00022048,7.230585889104909e-83,WBGene00020509,2.239728635431969e-49,WBGene00004013,2.2912689581998442e-38,WBGene00007463,2.1622412567218394e-74,WBGene00002190,4.94082060672403e-13,WBGene00006919,2.757052209782461e-23,WBGene00016725,3.9067677984888637e-31,WBGene00022037,4.453947748362107e-08
4,WBGene00006742,7.933037160467455e-68,WBGene00009978,1.6778124000576407e-96,WBGene00002045,5.453551802084489e-60,WBGene00000881,2.0499166503529778e-69,WBGene00008018,2.7007054153302024e-39,WBGene00019760,1.6349002282355387e-107,WBGene00016006,7.381002104994085e-17,WBGene00001564,1.732334204271185e-135,WBGene00002696,2.8510260739857815e-77,WBGene00002007,3.7637717546944396e-30,WBGene00001410,1.0539260915099794e-30,WBGene00001564,1.1469215296204773e-72,WBGene00020131,1.6240815677365706e-12,WBGene00021952,5.371884187350327e-22,WBGene00013460,5.375264580595561e-30,WBGene00000114,4.528452790140419e-08
5,WBGene00006803,4.848254379880293e-56,WBGene00018788,2.3433276879284874e-96,WBGene00004454,1.720620167797355e-49,WBGene00015168,1.1060091272541757e-59,WBGene00000553,1.020028833973486e-33,WBGene00003567,1.3154571344722904e-86,WBGene00000228,3.3605710139212334e-15,WBGene00001131,2.521128321932334e-129,WBGene00002169,2.0519762093733902e-71,WBGene00011867,2.4328913343686862e-20,WBGene00017904,1.102339908502142e-27,WBGene00011232,2.096053592334152e-72,WBGene00003878,9.269994524309598e-08,WBGene00006920,1.929368889105868e-19,WBGene00017025,1.5061365946720015e-29,WBGene00021292,4.528452790140419e-08
6,WBGene00000552,9.357740224349773e-54,WBGene00004919,8.075769804242017e-95,WBGene00018846,4.240362647064436e-46,WBGene00011480,2.746533281166673e-55,WBGene00020572,1.0976748769714424e-33,WBGene00004736,4.021395347339425e-86,WBGene00021597,4.099648323601565e-15,WBGene00000114,3.869467521864317e-106,WBGene00002201,1.6941331968026334e-67,WBGene00008140,3.0704980563401446e-15,WBGene00009532,3.3366139756853313e-19,WBGene00003411,2.49876715264155e-66,WBGene00018018,4.798025899330109e-06,WBGene00006913,5.79778015223274e-12,WBGene00004375,1.5619535529935645e-29,WBGene00006373,4.5987169653486486e-08
7,WBGene00006468,1.0985977609810582e-45,WBGene00004434,2.931846668993522e-94,WBGene00002065,8.573674691462852e-45,WBGene00013311,1.0306428763817915e-45,WBGene00004921,7.442798998118037e-27,WBGene00001650,2.9831415117504246e-77,WBGene00003150,2.3313922157901565e-14,WBGene00002247,4.0820581366777986e-97,WBGene00015203,1.1819799188507444e-60,WBGene00006438,9.917634597136928e-13,WBGene00006823,2.577670310098184e-16,WBGene00004736,6.613362606083722e-62,WBGene00002217,1.1243148753611509e-05,WBGene00003963,2.317728901527891e-10,WBGene00012930,2.496227123167383e-29,WBGene00000228,4.647979316537856e-08
8,WBGene00003166,5.588762265377223e-43,WBGene00011232,5.61515784029864e-89,WBGene00004482,1.5750535952960569e-44,WBGene00021420,2.046467227010292e-44,WBGene00015478,2.570968313522473e-24,WBGene00010703,3.0861818941580102e-61,WBGene00015418,7.845836368156011e-14,WBGene00010703,3.150219784531603e-95,WBGene00006595,7.853020212969252e-58,WBGene00003963,1.5566842082813895e-11,WBGene00011283,5.621195418101219e-10,WBGene00008506,2.1836047420556562e-61,WBGene00008345,1.8289868889440392e-05,WBGene00006918,5.069713595789881e-09,WBGene00012193,4.0743454599371044e-29,WBGene00007591,4.6959004154978844e-08
9,WBGene00006594,1.9421338439686106e-40,WBGene00004482,5.8122708992500195e-89,WBGene00012097,7.449849035869014e-44,WBGene00006472,3.9909208519496714e-41,WBGene00016935,1.0593116227425409e-23,WBGene00006771,1.3764040930249619e-58,WBGene00003229,3.1785822319257816e-13,WBGene00020012,4.026454870533466e-89,WBGene00011629,6.076103027309292e-57,WBGene00011480,4.56808814162141e-10,WBGene00002216,1.2643649410178137e-09,WBGene00004855,7.212611238543368e-56,WBGene00003516,2.9187885385684995e-05,WBGene00009882,6.604074854137342e-09,WBGene00001412,1.0228829048062914e-28,WBGene00004980,4.977940775431155e-08
10,WBGene00003404,4.860164827483875e-39,WBGene00010564,5.093511254193181e-88,WBGene00020915,2.0239027285314192e-43,WBGene00022122,1.7702597245002005e-37,WBGene00004345,1.513891939798e-21,WBGene00008547,5.835648547780726e-56,WBGene00004213,3.913021691158644e-11,WBGene00016913,1.4811936623422345e-85,WBGene00009671,5.820938813882472e-56,WBGene00016583,4.73734681068953e-10,WBGene00001516,1.7430456163390523e-09,WBGene00001333,3.425597496433566e-53,WBGene00012203,4.119967552045287e-05,WBGene00016258,1.1722915821032465e-08,WBGene00000814,2.005661647830156e-28,WBGene00006791,5.047002334769501e-08
11,WBGene00000086,8.113524637738941e-39,WBGene00008143,3.227521564682472e-86,WBGene00019940,2.1599433257656423e-41,WBGene00001073,1.1627340343513897e-36,WBGene00017973,5.6352549940691904e-21,WBGene00006527,3.6355980727203565e-55,WBGene00002203,5.33251589764916e-11,WBGene00000229,5.4063318280091e-83,WBGene00017605,2.266254974720168e-48,WBGene00006503,9.72126766998816e-10,WBGene00012360,3.343434412208333e-09,WBGene00002007,9.277529484794303e-53,WBGene00001558,4.921078794845571e-05,WBGene00010130,1.514678965255952e-08,WBGene00019821,9.878871231722414e-28,WBGene00001005,5.161466314712309e-08
12,WBGene00001679,4.747168682653107e-36,WBGene00009334,4.1917039168016084e-86,WBGene00004187,8.86905440196884e-40,WBGene00006367,2.504397593494214e-33,WBGene00022647,4.401134900502734e-19,WBGene00000857,5.8029879635021526e-55,WBGene00006496,3.103246917333138e-10,WBGene00018701,4.0720373923734824e-79,WBGene00009200,2.2315866786569018e-47,WBGene00004272,1.3215600425842375e-09,WBGene00016407,8.123663768172414e-09,WBGene00002025,2.5540607375307156e-49,WBGene00020209,5.1103065512748264e-05,WBGene00003858,1.058698402634042e-07,WBGene00000876,1.1198290002502016e-27,WBGene00018700,6.284341088784283e-08
13,WBGene00013416,1.1867311774716298e-33,WBGene00014051,7.739854001485733e-85,WBGene00004441,2.4681563555397495e-39,WBGene00021644,2.9281339668598622e-33,WBGene00019434,7.257522075480902e-18,WBGene00016918,6.781177765326885e-55,WBGene00002039,7.057289819644625e-10,WBGene00016716,2.7694006346294453e-76,WBGene00007048,3.4690982028359273e-47,WBGene00001837,4.823748471584203e-09,WBGene00006444,8.545484947616949e-09,WBGene00016415,4.723206185933841e-49,WBGene00008149,5.3867640979303974e-05,WBGene00004855,2.0563343715605181e-07,WBGene00022361,1.6233740722607144e-27,WBGene00015418,6.76829612642661e-08
14,WBGene00003569,5.650494221174343e-31,WBGene00021628,6.515829804449805e-83,WBGene00010627,5.649947496276851e-39,WBGene00016170,3.887261690346676e-32,WBGene00013711,1.2383672400759885e-17,WBGene00003949,2.7596270590539674e-52,WBGene00013416,8.033585146677977e-09,WBGene00016918,3.641152089900609e-76,WBGene00020031,2.474340512691708e-46,WBGene00001604,5.491181182261654e-09,WBGene00022358,1.3345903760709177e-08,WBGene00019060,9.344281931424349e-48,WBGene00000403,9.386352712727203e-05,WBGene00020146,2.7009769037986574e-07,WBGene00006444,1.732968538088682e-27,WBGene00002978,8.42141494632776e-07
15,WBGene00004267,5.652128907236996e-28,WBGene00004445,2.0913923907498305e-82,WBGene00009122,1.8812742697659766e-38,WBGene00020216,9.431488453205553e-31,WBGene00022435,1.9387386190385382e-17,WBGene00015148,7.521221597782645e-51,WBGene00006476,2.2811352174756782e-08,WBGene00006771,5.189932605319214e-74,WBGene00012484,2.814141997113101e-43,WBGene00009734,3.40043758316114e-08,WBGene00008547,1.3713230501000403e-08,WBGene00016405,1.8049972785954247e-47,WBGene00008143,0.00011045462913001395,WBGene00001368,3.049927642923853e-07,WBGene00004302,2.0462054589395884e-27,WBGene00011261,1.2245449455043193e-05
16,WBGene00002190,3.362714986337654e-27,WBGene00002173,2.4267525864604146e-82,WBGene00004445,7.35360685652712e-38,WBGene00003776,1.5407728817224707e-29,WBGene00009503,2.0944027804957125e-17,WBGene00006517,3.913392769568025e-50,WBGene00013135,5.890626655469238e-08,WBGene00000776,9.071263533036277e-73,WBGene00019947,3.817180493644417e-43,WBGene00007984,4.714471075640803e-08,WBGene00004831,6.673467719874806e-08,WBGene00000802,5.384013437850995e-46,WBGene00004929,0.0001516859229756249,WBGene00012033,8.906655029392246e-07,WBGene00005019,4.895574289403319e-27,WBGene00003569,1.651022611254546e-05
17,WBGene00001335,1.2669824066865029e-26,WBGene00007591,1.4620290623779157e-81,WBGene00013766,9.033346381872912e-37,WBGene00022793,1.8720026282991793e-28,WBGene00010813,2.4034559372925306e-17,WBGene00011283,4.55717698881397e-50,WBGene00007591,9.731034127514463e-08,WBGene00001132,1.1100214941527087e-68,WBGene00017085,7.172195800977182e-42,WBGene00001377,5.390615021025981e-08,WBGene00008121,4.2959640514412077e-07,WBGene00006626,4.6867157142410204e-45,WBGene00022391,0.00015628562998583738,WBGene00001558,1.0251394680744597e-06,WBGene00010317,5.707677933045342e-27,WBGene00018330,8.629297730801494e-05
18,WBGene00004276,4.985583194720272e-25,WBGene00020169,3.1659886425771106e-81,WBGene00000229,4.2565922949826516e-36,WBGene00008800,6.76851720458832e-27,WBGene00017350,6.865835168484482e-17,WBGene00013289,7.886155378263048e-50,WBGene00001516,3.2752938601785087e-07,WBGene00022048,4.190827788437839e-67,WBGene00020821,1.780166374232305e-40,WBGene00004285,1.1171645550653226e-07,WBGene00003172,5.127428801487014e-07,WBGene00004875,3.720041142828581e-44,WBGene00016937,0.00023268516616887545,WBGene00004091,2.0362328490508077e-06,WBGene00019487,6.1697624835207624e-27,WBGene00021901,8.677113535720423e-05
19,WBGene00013042,7.685533000766916e-25,WBGene00006919,4.209921161017575e-80,WBGene00010478,2.915684884756255e-35,WBGene00019760,7.610075075547036e-27,WBGene00006818,3.5742279709144286e-16,WBGene00000114,8.968221557677106e-50,WBGene00000566,4.796922785819315e-07,WBGene00000217,6.509330901402303e-67,WBGene00016151,7.776732177992707e-40,WBGene00004766,1.3180182743030093e-07,WBGene00016735,9.444769633519242e-07,WBGene00020031,7.709012237917312e-44,WBGene00006373,0.00033861415602323214,WBGene00000542,4.144864159544762e-06,WBGene00013135,7.875147480201333e-27,WBGene00016725,8.982332747440115e-05
20,WBGene00022389,2.9772056276586823e-24,WBGene00019890,7.966322642783215e-80,WBGene00010260,6.58285477749558e-33,WBGene00001707,6.83002866262768e-26,WBGene00013111,4.1771414691725916e-16,WBGene00000822,8.657406192610238e-49,WBGene00016611,1.1390419985134414e-06,WBGene00011474,2.4678202857351715e-63,WBGene00004186,3.8910590705673136e-39,WBGene00020596,1.3989007085183799e-07,WBGene00008311,2.758434914344659e-06,WBGene00004313,1.9657284047927177e-43,WBGene00002222,0.0003828074690820079,WBGene00003567,6.17605451120576e-06,WBGene00002005,1.8671552030624582e-26,WBGene00006468,9.126801928842767e-05
21,WBGene00013518,4.3447558628358615e-22,WBGene00003568,8.742305394099427e-78,WBGene00002005,5.097161136951633e-32,WBGene00001412,6.29054184083332e-25,WBGene00022240,1.1544812379069137e-15,WBGene00017885,1.0261434026483026e-48,WBGene00006727,1.2725983354391378e-06,WBGene00010419,2.1381628996757922e-57,WBGene00011308,3.3463575331740864e-38,WBGene00001508,1.4202754602456454e-07,WBGene00016961,4.544978820062603e-06,WBGene00014215,9.419565692866419e-43,WBGene00004276,0.0004530499837690399,WBGene00016333,8.173565768779717e-06,WBGene00016879,1.9536242234346365e-26,WBGene00013355,0.00012606391087854966
22,WBGene00018639,6.523648182507045e-22,WBGene00012897,1.6732796926412646e-77,WBGene00000962,7.6076019235292295e-31,WBGene00007696,3.163373018813446e-24,WBGene00004207,3.4285206878569972e-15,WBGene00001794,1.0620631084008807e-48,WBGene00018018,2.137237529442314e-06,WBGene00016630,4.7626441476546266e-57,WBGene00011638,1.2581840362847963e-37,WBGene00000476,1.5273493533629932e-07,WBGene00017885,7.814749873437315e-06,WBGene00020437,3.519038574254589e-39,WBGene00009119,0.0005826807372372588,WBGene00001031,8.184490984384886e-06,WBGene00010130,2.7090276437011035e-26,WBGene00013135,0.00013223217988823197
23,WBGene00004913,3.609556610968291e-21,WBGene00010966,1.942953281034863e-76,WBGene00014165,9.384887127225237e-29,WBGene00004091,5.457813122095804e-24,WBGene00004285,7.484490320469657e-15,WBGene00003951,1.2843606019961555e-48,WBGene00001707,2.8422803011748753e-06,WBGene00011232,3.890132288942828e-55,WBGene00004187,1.876209355776328e-37,WBGene00015470,2.2298494904536233e-07,WBGene00021597,1.2077870084432744e-05,WBGene00021697,1.3939731326253699e-38,WBGene00004888,0.0006126192977549773,WBGene00002007,1.3312505669209844e-05,WBGene00008443,1.1880134906746494e-25,WBGene00001709,0.00014883619389151993
24,WBGene00004969,1.4951414863052902e-20,WBGene00010810,3.8628850012343214e-74,WBGene00000123,1.2968692594388936e-27,WBGene00020437,5.654533031653927e-24,WBGene00001171,1.1379041347199672e-14,WBGene00006836,2.7228262719515336e-48,WBGene00003776,7.193128078600057e-06,WBGene00006999,6.114034606842174e-55,WBGene00011605,2.041750735510396e-37,WBGene00013711,2.6054120498903045e-07,WBGene00012359,2.476517414797727e-05,WBGene00004405,6.625677532456699e-37,WBGene00004800,0.0008435434462019685,WBGene00013311,2.0187993378909846e-05,WBGene00004077,5.488409719163316e-25,WBGene00002979,0.00016932150607025626
25,WBGene00019347,4.2216473431955e-20,WBGene00001620,2.2960379643158927e-73,WBGene00003367,4.882668556370283e-27,WBGene00019322,1.1184725682496985e-23,WBGene00011261,1.289613069993588e-13,WBGene00001410,2.3707751051218643e-46,WBGene00012796,7.794948014464816e-06,WBGene00001794,7.452853557548516e-55,WBGene00001423,3.960307568675979e-36,WBGene00011306,3.7345984717026917e-07,WBGene00000112,5.977616244189585e-05,WBGene00002583,1.3360234320767534e-36,WBGene00001648,0.0009547618186246093,WBGene00007696,6.803426640301558e-05,WBGene00020530,6.653195490684738e-25,WBGene00008345,0.0002114390783404204
26,WBGene00004045,1.6425478565092505e-19,WBGene00022794,3.062451529347083e-73,WBGene00021088,1.030267925204624e-25,WBGene00007463,7.421647738011133e-23,WBGene00003166,1.4050066249692053e-13,WBGene00000554,3.4729468795965722e-46,WBGene00006702,1.0496863425461275e-05,WBGene00017864,1.877477702120443e-53,WBGene00010627,6.220447238573667e-36,WBGene00022435,4.367864798701329e-07,WBGene00002203,6.275532792895407e-05,WBGene00009542,4.391093525244171e-36,WBGene00006468,0.0009597890678872381,WBGene00015168,7.288944603352e-05,WBGene00002038,7.005549017603562e-25,WBGene00007143,0.0003133563086201114
27,WBGene00000518,2.8312832747069205e-19,WBGene00006476,1.2874009716973058e-72,WBGene00006728,1.2541858189110995e-25,WBGene00014119,1.114946992703314e-21,WBGene00013326,5.710382462405057e-13,WBGene00013595,4.897977835982403e-46,WBGene00017699,3.33880448506448e-05,WBGene00000228,2.533036876699715e-48,WBGene00000875,9.916003012752586e-36,WBGene00021185,4.4754475416667346e-07,WBGene00013595,8.117657503031019e-05,WBGene00001398,1.6279089432780793e-35,WBGene00010272,0.0009984289613374836,WBGene00017904,8.036076337976074e-05,WBGene00017885,7.190634770432898e-25,WBGene00021312,0.0003287291491650954
28,WBGene00000277,7.859844851693996e-19,WBGene00008311,1.5614583352406052e-72,WBGene00004434,2.199544833367069e-25,WBGene00004307,7.799894877870723e-21,WBGene00018281,7.001197291810423e-13,WBGene00019305,7.064611820566079e-46,WBGene00022279,4.575054441472644e-05,WBGene00001604,1.6089986846804574e-44,WBGene00019629,1.0060074395044707e-35,WBGene00004875,4.5156610343483443e-07,WBGene00009200,8.739391998181356e-05,WBGene00001137,2.542296568056054e-34,WBGene00010564,0.0010086967456498562,WBGene00016630,8.857829479240436e-05,WBGene00001707,8.314307460901831e-25,WBGene00012796,0.0003652041083857416
29,WBGene00004088,2.0770045588958848e-18,WBGene00009881,3.2273218920685843e-72,WBGene00001337,5.101294028425958e-25,WBGene00008546,1.3433515397187564e-20,WBGene00003969,7.046293470562873e-13,WBGene00000368,5.4016844057372533e-45,WBGene00011261,7.922664119047909e-05,WBGene00006823,8.233437769325464e-43,WBGene00002027,1.9937539856931326e-35,WBGene00013111,4.947564619531838e-07,WBGene00009082,9.631911631940102e-05,WBGene00003964,3.778413315145316e-34,WBGene00013416,0.0010789282387560146,WBGene00011638,9.134049868589839e-05,WBGene00022358,8.70103741181027e-25,WBGene00009322,0.00041719687106132636
30,WBGene00003969,6.409919758553986e-18,WBGene00004077,3.878730688945457e-71,WBGene00002083,7.5226249540172305e-25,WBGene00006921,2.806184315938527e-20,WBGene00004368,1.144276188301868e-12,WBGene00000112,1.039285587733043e-44,WBGene00003516,8.051913965090212e-05,WBGene00003567,2.2111073561468376e-42,WBGene00012896,8.99991314234567e-35,WBGene00000407,6.705843438621357e-07,WBGene00020838,0.00010450749540720974,WBGene00002010,4.133498753008027e-34,WBGene00017349,0.0014208793789495626,WBGene00019900,0.00015705729162070414,WBGene00003961,1.0007156380629295e-24,WBGene00013994,0.00043578108289730306
31,WBGene00018330,1.183112802395733e-17,WBGene00020111,4.144074388606124e-71,WBGene00022538,1.0482693712292288e-24,WBGene00022119,5.423851843803726e-20,WBGene00018639,1.4263281390955916e-12,WBGene00004184,2.3422055593929635e-43,WBGene00002980,0.00010802800474689593,WBGene00020114,4.744702631535298e-42,WBGene00001337,3.121905777555972e-34,WBGene00009882,6.838048314990591e-07,WBGene00022727,0.00016994781001295845,WBGene00006438,8.942041170572481e-34,WBGene00015176,0.0015253155715595507,WBGene00003163,0.00018966059285092796,WBGene00000269,1.219810941724723e-24,WBGene00017012,0.0004450671945766585
32,WBGene00004758,1.2588310822697719e-17,WBGene00001073,9.77294583122582e-71,WBGene00004444,2.646841595597926e-24,WBGene00001333,3.021370096116193e-19,WBGene00000476,2.3450766289604212e-12,WBGene00004207,3.796107320742517e-43,WBGene00004276,0.00011623153937032287,WBGene00006836,6.257339673309515e-42,WBGene00021004,3.63725707859844e-34,WBGene00015478,7.030294918801753e-07,WBGene00002980,0.0003218998147970881,WBGene00001047,6.702183636347757e-33,WBGene00019821,0.0015393595332398482,WBGene00001620,0.0002849021593346603,WBGene00018018,3.192498224040728e-24,WBGene00013164,0.0004494241942306778
33,WBGene00006833,1.3089496309673855e-17,WBGene00004497,1.0450480321773786e-70,WBGene00019322,1.966613598968812e-23,WBGene00006713,6.864216357567991e-19,WBGene00001844,4.981420605166215e-12,WBGene00003901,8.718400775576912e-43,WBGene00002173,0.0001181578725433024,WBGene00000472,3.461784170389808e-41,WBGene00000876,6.9139209521914e-34,WBGene00013326,7.404463656505897e-07,WBGene00004184,0.00033290831726340075,WBGene00000776,8.458707804497158e-33,WBGene00017088,0.0015677162853912701,WBGene00000228,0.00036279267469927184,WBGene00021901,3.6006356377504165e-24,WBGene00021973,0.000464196072812611
34,WBGene00002243,2.3417382734170608e-17,WBGene00020301,3.736289481594381e-70,WBGene00004391,7.326320188923791e-23,WBGene00001303,3.549497719329495e-18,WBGene00004950,1.8749223665966608e-11,WBGene00016006,9.572046111793421e-42,WBGene00000894,0.00015074023608027464,WBGene00002497,4.3870213831666843e-41,WBGene00007027,1.1833476867593765e-33,WBGene00001235,9.336105392441709e-07,WBGene00000566,0.00041967509321986786,WBGene00016650,2.4090855485821612e-31,WBGene00000996,0.0016081877554445668,WBGene00006649,0.00043455078492048475,WBGene00022037,8.101909147715373e-24,WBGene00012203,0.000492010244702324
35,WBGene00000071,7.354785824672969e-17,WBGene00020770,6.837951731751427e-70,WBGene00009119,5.284755955418607e-22,WBGene00001047,4.155258008139222e-18,WBGene00000518,1.940130431852173e-11,WBGene00001005,1.1966834791397814e-41,WBGene00008345,0.00015831592986273642,WBGene00003404,1.2905582284272388e-40,WBGene00001259,1.2644632585005734e-33,WBGene00013000,1.134189664239853e-06,WBGene00001794,0.00047907643798072015,WBGene00002038,4.297999977135448e-31,WBGene00000567,0.001619808385146695,WBGene00009542,0.0004968162235687615,WBGene00003143,9.647270584347625e-24,WBGene00004919,0.0005356820512243942
36,WBGene00006818,1.0170225359889446e-16,WBGene00013002,9.890006942831579e-70,WBGene00007053,8.072376996665721e-22,WBGene00010337,1.0545140783445489e-17,WBGene00001377,2.1402224582146744e-11,WBGene00017163,2.6659762560156567e-41,WBGene00020930,0.00016048191290927942,WBGene00006517,2.4823930095211597e-40,WBGene00020781,1.824335697901072e-33,WBGene00022240,1.1911767079997117e-06,WBGene00001171,0.0005680884474893048,WBGene00010284,2.358064938584441e-30,WBGene00006434,0.0016617966873803975,WBGene00009881,0.0005031612120637035,WBGene00001516,1.7641408609597978e-23,WBGene00018877,0.000650062701126373
37,WBGene00006791,1.0624787122519914e-16,WBGene00004091,1.4432674212680315e-69,WBGene00000883,1.725160668033531e-21,WBGene00021427,2.4594592881500293e-17,WBGene00013518,2.349045226806783e-11,WBGene00020012,3.4303254197814806e-41,WBGene00007053,0.0001654854548771805,WBGene00009920,4.241409552750167e-37,WBGene00003367,3.692564632829538e-33,WBGene00008780,1.2428750085283548e-06,WBGene00016197,0.0005839082560101087,WBGene00012929,2.5629052862857337e-30,WBGene00009334,0.0017106634626116927,WBGene00019620,0.0005785437637602638,WBGene00015418,2.9956450729123355e-23,WBGene00009164,0.0006515658884258423
38,WBGene00019434,1.3776611565909358e-16,WBGene00013164,1.5595942161572855e-69,WBGene00004491,4.3717846468972946e-21,WBGene00002065,4.7356675216544625e-17,WBGene00004758,3.289911720309937e-11,WBGene00001331,2.02477029305959e-40,WBGene00022389,0.0001971932497640346,WBGene00008505,5.613982380922733e-35,WBGene00007784,4.600574295289984e-33,WBGene00021208,1.2629438233100048e-06,WBGene00001208,0.0006066305176270172,WBGene00004759,1.1457840916303895e-29,WBGene00006975,0.001726659570066808,WBGene00001137,0.0008453685608016079,WBGene00002217,3.675043011580275e-23,WBGene00015148,0.0006601451863745512
39,WBGene00006757,1.9842518666076555e-16,WBGene00017928,1.6373163549077884e-69,WBGene00000379,1.0087252644298236e-19,WBGene00007703,8.436098410997487e-17,WBGene00004831,6.847034686951516e-11,WBGene00000961,4.058946963390993e-40,WBGene00004855,0.00020435162076506058,WBGene00015778,4.177872539415226e-34,WBGene00001017,6.742036588477332e-33,WBGene00019830,1.2948287426752705e-06,WBGene00018294,0.0007007414440273439,WBGene00004182,9.921484613101366e-29,WBGene00007143,0.0018797786729942388,WBGene00001055,0.000889792386990287,WBGene00020770,4.977162207198397e-23,WBGene00006410,0.000677619790832638
40,WBGene00000553,8.661640260748911e-16,WBGene00002203,1.7986781187503673e-69,WBGene00012351,1.4204461472095718e-19,WBGene00020683,1.684315655180338e-16,WBGene00018037,1.072691906013749e-10,WBGene00008948,5.146842619703375e-40,WBGene00009174,0.0003027579395333559,WBGene00001503,1.129473421740828e-32,WBGene00015156,8.492005219774829e-33,WBGene00007548,1.4609292032613897e-06,WBGene00013462,0.000705267054167354,WBGene00013189,1.2696090761493055e-28,WBGene00003931,0.00197068979063969,WBGene00020437,0.0011492301107545503,WBGene00006373,6.567246017925585e-23,WBGene00001007,0.0006826660091554614
41,WBGene00006830,1.019776502918451e-15,WBGene00004049,9.583309482908815e-69,WBGene00001166,3.2318853037799006e-19,WBGene00011625,3.1609027821788923e-16,WBGene00015064,1.3660713585785362e-10,WBGene00000936,1.2416601488853958e-38,WBGene00003196,0.0003829054915510134,WBGene00000041,1.2564069647139545e-32,WBGene00016650,1.2636417205776774e-32,WBGene00004950,1.4773298318835794e-06,WBGene00003568,0.0007627857223188961,WBGene00003978,6.079499055213313e-28,WBGene00006410,0.0021334259808473027,WBGene00002065,0.0011742121255441738,WBGene00020511,7.504821239501848e-23,WBGene00015301,0.0006946358221547368
42,WBGene00020209,1.144943927827506e-15,WBGene00013225,1.0201057172884908e-67,WBGene00003776,7.051894626993399e-19,WBGene00019830,4.1695723527699276e-16,WBGene00001335,2.7275446511075587e-10,WBGene00011474,1.387246195139341e-38,WBGene00005019,0.0004702810157943863,WBGene00014095,9.735923683255963e-32,WBGene00000813,1.802532036826157e-32,WBGene00004368,1.6770077771612727e-06,WBGene00012204,0.000995702915222388,WBGene00002201,8.317878880733728e-28,WBGene00022361,0.00218277330633923,WBGene00004930,0.0013714450021226202,WBGene00000018,1.610551216674886e-22,WBGene00001043,0.0008313902966045523
43,WBGene00001171,3.211305701032509e-15,WBGene00004109,2.3917700780118563e-67,WBGene00007042,1.6824046012523203e-18,WBGene00004482,4.658909147663831e-16,WBGene00004969,3.361460715495534e-10,WBGene00006999,2.9388876147858625e-38,WBGene00020770,0.0004742398566154338,WBGene00022336,1.0541463129767125e-31,WBGene00001209,1.9545113765374734e-31,WBGene00017973,1.8979569189495488e-06,WBGene00012100,0.0010469345416377412,WBGene00020781,2.72647842677886e-27,WBGene00015219,0.0023014207075991986,WBGene00004266,0.0014785717439267047,WBGene00019877,1.962045427520843e-22,WBGene00006359,0.0008381251249754662
44,WBGene00004256,3.4989323628956352e-15,WBGene00003931,2.398511645428234e-67,WBGene00009772,3.503863855229089e-18,WBGene00001558,5.6830251861694e-16,WBGene00001484,6.530714636385504e-10,WBGene00006933,5.116670318177974e-38,WBGene00011696,0.0005283684509173029,WBGene00001650,6.757082525328007e-31,WBGene00013766,7.789160294035987e-30,WBGene00022176,2.0049265921899323e-06,WBGene00001132,0.0010756994247252726,WBGene00001209,7.557463853800424e-27,WBGene00010317,0.00256906255232321,WBGene00006472,0.0014814946782070865,WBGene00021466,1.9711957274835174e-22,WBGene00022358,0.0008472547540379898
45,WBGene00003153,3.654444319624242e-15,WBGene00001404,1.9090008719217521e-66,WBGene00021697,2.062351842741067e-17,WBGene00000182,1.3640649647584147e-15,WBGene00004875,8.517050617394245e-10,WBGene00001101,1.6208197768843636e-37,WBGene00008927,0.0006262651500101836,WBGene00019760,2.2104252185204493e-30,WBGene00022021,1.2248620625871905e-29,WBGene00009436,2.1113278082448447e-06,WBGene00019305,0.0010953853219138427,WBGene00000366,5.471748760238348e-26,WBGene00015920,0.0026792340672282824,WBGene00000881,0.0015321948070254443,WBGene00012100,1.101093830510696e-21,WBGene00016879,0.0008647034198545531
46,WBGene00001709,6.762097023140619e-15,WBGene00021312,8.91109213625012e-66,WBGene00004448,2.5351813661080275e-17,WBGene00001089,1.5199905535710672e-15,WBGene00017063,8.766538033499797e-10,WBGene00001748,2.447716628067931e-37,WBGene00002223,0.0006338391803423594,WBGene00004336,2.5982963846888105e-30,WBGene00020683,1.2578549614346282e-29,WBGene00000906,3.901546940152633e-06,WBGene00010703,0.0014761596462010344,WBGene00012386,1.007385739488799e-25,WBGene00012193,0.002735404251128273,WBGene00022776,0.0015747898322522116,WBGene00013265,1.3725177859255883e-21,WBGene00004756,0.0008714690243299652
47,WBGene00018281,1.0513814936698923e-14,WBGene00000892,2.5380735896627284e-65,WBGene00004443,4.229002638171122e-17,WBGene00018533,1.830628103878616e-15,WBGene00009734,9.282472761426792e-10,WBGene00000472,2.4847022929997757e-37,WBGene00004087,0.000664029239112659,WBGene00000294,2.7582922488091092e-30,WBGene00001166,7.452731155180526e-29,WBGene00013802,4.287918813526118e-06,WBGene00003561,0.0016544932951457398,WBGene00001604,1.1750617111608326e-25,WBGene00008006,0.0030192217694942755,WBGene00004277,0.0016112473362116556,WBGene00020146,1.9666563897089033e-21,WBGene00004077,0.0009447055088647742
48,WBGene00017350,1.845813900639171e-14,WBGene00006890,7.66287044490972e-65,WBGene00012896,4.7373783983008233e-17,WBGene00004116,2.0535051655928698e-15,WBGene00000407,1.1099903861491422e-09,WBGene00007197,4.729184507319425e-37,WBGene00008547,0.000673621771639094,WBGene00020696,1.1704424207192904e-29,WBGene00007184,7.686354926052362e-29,WBGene00022776,4.8089936230902635e-06,WBGene00000518,0.0017365147530950256,WBGene00020679,1.3655147592194797e-25,WBGene00004919,0.0031681786413358254,WBGene00021506,0.0017379974067744499,WBGene00021905,2.6737044944824047e-21,WBGene00006767,0.0009503863012165543
49,WBGene00018175,7.127626939095613e-14,WBGene00006937,1.858961333277428e-64,WBGene00002025,6.138938222612875e-17,WBGene00015734,2.3108043621034822e-15,WBGene00021185,1.4560943312764844e-09,WBGene00020696,1.3060317500034521e-36,WBGene00006468,0.0007407128953733924,WBGene00000833,9.475110726363366e-29,WBGene00015754,9.135170421444994e-29,WBGene00011638,4.820347717023132e-06,WBGene00006720,0.0017800628554988343,WBGene00011867,6.261991026655558e-25,WBGene00009580,0.003217922687323147,WBGene00010317,0.00196373079010952,WBGene00003401,2.8466034410352855e-21,WBGene00010272,0.0009890742903381957
50,WBGene00001115,1.3944628518751636e-13,WBGene00017137,5.566332621082285e-64,WBGene00004498,9.510620438973993e-17,WBGene00002979,4.756777588580433e-15,WBGene00021444,5.960458020967106e-09,WBGene00004462,1.6824096913056844e-36,WBGene00002038,0.0009417206906913461,WBGene00000230,6.779330898211754e-26,WBGene00015501,1.020635166883235e-28,WBGene00018998,5.493856000952906e-06,WBGene00003806,0.0019871824505173063,WBGene00006936,2.5008257263478194e-24,WBGene00006720,0.003365352978150196,WBGene00006727,0.0020134665566328,WBGene00015143,3.042698855429592e-21,WBGene00000892,0.001008960404692796
51,WBGene00004951,4.1738291467209596e-13,WBGene00022301,1.8537138622085807e-63,WBGene00002169,1.5117764359152192e-16,WBGene00011502,4.9030238533820824e-15,WBGene00015658,6.117351365765743e-09,WBGene00004085,2.6519320061489694e-36,WBGene00015219,0.0009831669697518747,WBGene00013289,1.104187208415131e-25,WBGene00003393,1.2202877649412558e-28,WBGene00006818,5.569001378446961e-06,WBGene00000110,0.0022651357461033867,WBGene00002250,3.529100780315664e-23,WBGene00003568,0.0034230034220041772,WBGene00006890,0.0020610094825377233,WBGene00002215,3.871993325801825e-21,WBGene00006785,0.0010177764233820679
52,WBGene00006527,8.201600610099385e-13,WBGene00004467,2.2615954899526994e-63,WBGene00002497,3.0509846318682633e-16,WBGene00004788,1.2436731880285279e-14,WBGene00004088,7.970269540221278e-09,WBGene00015350,6.690501355506986e-36,WBGene00007529,0.0011941749632465846,WBGene00007463,1.4890342914552494e-24,WBGene00018892,1.8219742525826714e-28,WBGene00004895,5.589116167820692e-06,WBGene00015204,0.0023741862317409896,WBGene00006920,5.1823961463321307e-23,WBGene00006742,0.0035734504146579956,WBGene00016278,0.0021686529472925093,WBGene00008006,5.0075180292131634e-21,WBGene00012148,0.0010266636951832958
53,WBGene00001648,4.67729895871965e-12,WBGene00006460,2.78219187044673e-63,WBGene00004015,3.466602356169302e-16,WBGene00003048,1.598571647745508e-14,WBGene00003047,8.014395997808956e-09,WBGene00022727,3.9950506432727477e-35,WBGene00001620,0.001315919343378851,WBGene00004014,2.6311513909327434e-24,WBGene00003034,3.386779874163925e-28,WBGene00018281,5.773998922924932e-06,WBGene00016418,0.0035236687744568305,WBGene00000071,5.530767988048062e-23,WBGene00006527,0.0036491700118699353,WBGene00009436,0.002236168935692293,WBGene00004256,1.4714368627515067e-20,WBGene00022675,0.0010363940172367183
54,WBGene00001490,4.789115917350067e-12,WBGene00016258,3.767243392749744e-63,WBGene00004302,1.8394482133467983e-15,WBGene00016250,2.7097044231823436e-14,WBGene00013042,9.019850877013079e-09,WBGene00018398,5.60060786085014e-35,WBGene00017983,0.001372707991969392,WBGene00020679,2.639477614351532e-24,WBGene00022531,6.646174279384437e-28,WBGene00017063,6.4366899371748055e-06,WBGene00006727,0.004592670139628397,WBGene00012896,9.290511579141265e-23,WBGene00004267,0.003796188959111108,WBGene00004357,0.00228401230839322,WBGene00022280,1.9820048365204912e-20,WBGene00004467,0.0010698012136979166
55,WBGene00008780,7.120507215630571e-12,WBGene00004454,8.308877532455718e-63,WBGene00004204,2.753956999924716e-15,WBGene00004766,3.4961736253456806e-14,WBGene00022776,1.0117101099061644e-08,WBGene00006383,6.082134738587178e-35,WBGene00000419,0.0014298872783795736,WBGene00022042,2.4566076421045007e-23,WBGene00009672,6.703774070081884e-28,WBGene00015156,6.641562430106491e-06,WBGene00022279,0.004656506936709117,WBGene00010794,1.6211298463941725e-22,WBGene00004467,0.0039889891370826274,WBGene00001132,0.0025981898018099378,WBGene00002203,2.011246782677124e-20,WBGene00000936,0.001089027771566222
56,WBGene00016704,8.977968276822576e-12,WBGene00008729,1.6198695581789594e-62,WBGene00004453,2.094802862075976e-14,WBGene00007683,7.967977730897588e-14,WBGene00015470,1.1712101312593696e-08,WBGene00001131,1.5187258788083398e-34,WBGene00017012,0.0014336138467319994,WBGene00011510,2.7897530823013605e-23,WBGene00002223,7.438707689335705e-28,WBGene00008018,7.859719799669208e-06,WBGene00002202,0.004776473951707488,WBGene00012245,1.6255691751572498e-22,WBGene00008549,0.004380939732822834,WBGene00006438,0.0033739245035584123,WBGene00012148,2.358040230883916e-20,WBGene00003931,0.0011691737402654433
57,WBGene00001224,1.427509540216967e-11,WBGene00002147,3.4552598813058595e-62,WBGene00019323,2.7646568309490868e-14,WBGene00004682,1.1517135001649605e-13,WBGene00001837,2.350584313128465e-08,WBGene00016735,2.459316320741177e-34,WBGene00006720,0.0015160960868847366,WBGene00003162,3.4662057867293828e-22,WBGene00000123,1.3271088403509866e-27,WBGene00015064,8.03085563770824e-06,WBGene00004085,0.005141874059988202,WBGene00009793,2.660289022706246e-22,WBGene00002215,0.00472118493729262,WBGene00004921,0.004069960429802347,WBGene00006324,2.4420557873445656e-20,WBGene00003229,0.0011775390417828047
58,WBGene00011261,2.639846328237739e-11,WBGene00003163,5.6624959846032685e-62,WBGene00016140,2.912023367682821e-14,WBGene00006494,1.965584165149648e-13,WBGene00009436,2.6165959898003275e-08,WBGene00000776,4.5143096188249116e-34,WBGene00012203,0.0015223278405489447,WBGene00022089,4.1228769475956773e-22,WBGene00013687,1.5136208969391245e-27,WBGene00019823,8.066080006837652e-06,WBGene00016704,0.005535818683981118,WBGene00010419,3.4452780506588763e-22,WBGene00010479,0.0047598568756440866,WBGene00006434,0.004336612075402173,WBGene00018364,2.4953194260005264e-20,WBGene00020719,0.0012115563122992745
59,WBGene00022647,6.0962051224488e-11,WBGene00015809,6.272079849555454e-62,WBGene00010419,6.71359370126679e-14,WBGene00004441,2.2685630283802128e-13,WBGene00003561,2.8797464447653695e-08,WBGene00007784,1.191539833156062e-33,WBGene00003182,0.001659302205290018,WBGene00009082,5.179568981690949e-22,WBGene00014115,1.8614286892974082e-27,WBGene00022647,9.685807630709935e-06,WBGene00012903,0.005710663794568008,WBGene00007703,5.732262492295986e-22,WBGene00003818,0.0047660020556321795,WBGene00001746,0.004426053002622445,WBGene00010097,2.5191691175059142e-20,WBGene00003516,0.0012225961443519244
60,WBGene00001844,8.755321633960367e-11,WBGene00012360,1.1502250388403007e-61,WBGene00004452,8.324100637549303e-14,WBGene00018788,2.573898868811789e-13,WBGene00015561,3.667537156256393e-08,WBGene00004466,1.665516340530396e-33,WBGene00016725,0.001842675240047302,WBGene00011884,1.7765710499340158e-21,WBGene00010478,4.246388386346647e-27,WBGene00015658,1.2738080604619763e-05,WBGene00002233,0.006151443682430836,WBGene00004187,7.008127953169308e-22,WBGene00004087,0.0050596758695914765,WBGene00016006,0.005074738366316283,WBGene00015148,2.6239606743759654e-20,WBGene00004049,0.0012898650182741657
61,WBGene00000996,1.124855238045799e-10,WBGene00018609,2.4620391531073885e-61,WBGene00022388,1.1798843133346559e-13,WBGene00010665,2.713159150110886e-13,WBGene00007548,4.0914316326416726e-08,WBGene00021334,1.7595926531885518e-33,WBGene00004131,0.0018852970957294228,WBGene00015810,1.8133629106310153e-21,WBGene00004704,6.398816230639328e-27,WBGene00021444,1.2876052161590361e-05,WBGene00007197,0.006223234114535091,WBGene00001337,7.590176029458871e-22,WBGene00000883,0.0053578448836088715,WBGene00012376,0.005261562885730275,WBGene00021628,2.8587380780039023e-20,WBGene00010844,0.0013731560251886473
62,WBGene00017950,1.3397010459342267e-10,WBGene00006728,1.0980883111857665e-60,WBGene00022534,1.2873233841965685e-13,WBGene00021425,4.955352759060221e-13,WBGene00012644,4.782254215556229e-08,WBGene00002216,1.994125390641187e-33,WBGene00009978,0.001957338121052896,WBGene00012376,7.564846916960492e-20,WBGene00013462,1.2108711785383145e-26,WBGene00018007,1.3434563465618018e-05,WBGene00019726,0.007697314496094063,WBGene00007027,8.806362652973993e-22,WBGene00009065,0.005596263737561065,WBGene00004766,0.005828886692916396,WBGene00009812,4.1163422525570253e-20,WBGene00002222,0.0013868935713779427
63,WBGene00017973,1.3526609654515763e-10,WBGene00022675,1.2826389690817343e-60,WBGene00002295,3.2497962718297485e-13,WBGene00004274,4.956266207887374e-13,WBGene00004895,6.263775453864269e-08,WBGene00022201,2.0632635093350313e-33,WBGene00000018,0.0021569945071503597,WBGene00006433,8.144910231723785e-20,WBGene00000156,1.431416834078585e-26,WBGene00004969,1.5036262936874903e-05,WBGene00003401,0.008514281662335794,WBGene00000962,1.66741266412914e-21,WBGene00003229,0.0056980379231745025,WBGene00001226,0.005837184714592106,WBGene00012326,4.4375232434023444e-20,WBGene00007836,0.001443469955749859
64,WBGene00017063,1.630957619880395e-10,WBGene00019433,1.6992138208532506e-60,WBGene00020391,3.3260702344680243e-13,WBGene00000090,5.107075830964132e-13,WBGene00001115,6.676272249466048e-08,WBGene00004460,2.3291936503672558e-33,WBGene00003163,0.002979020981361188,WBGene00002991,9.28202379380413e-20,WBGene00011696,1.8952257515967514e-26,WBGene00020636,2.0106711558478928e-05,WBGene00003949,0.00872375215120974,WBGene00001173,2.7680451059739303e-21,WBGene00004375,0.005787980128109825,WBGene00004895,0.005870483399211847,WBGene00018857,4.6805183068100353e-20,WBGene00006890,0.0014522253883433086
65,WBGene00018710,1.662446229264855e-10,WBGene00009065,1.941061894494038e-60,WBGene00002010,4.491902443332707e-13,WBGene00001516,7.467627737790664e-13,WBGene00021208,7.140789336147823e-08,WBGene00009200,2.3344481616234305e-33,WBGene00016250,0.0032614725731586486,WBGene00011015,1.3917447076320516e-19,WBGene00004390,6.247447896781788e-26,WBGene00018037,2.0565444339314824e-05,WBGene00015148,0.009553236951617609,WBGene00003834,3.1602022787536803e-21,WBGene00020169,0.005855163829989794,WBGene00002879,0.006257066455065103,WBGene00003799,5.051967169176599e-20,WBGene00008006,0.0014582070124065333
66,WBGene00018009,1.8854880802262496e-10,WBGene00016888,2.6650115712746415e-60,WBGene00001094,5.290858617826476e-13,WBGene00006649,8.617149228604483e-13,WBGene00019770,7.319358392069733e-08,WBGene00003806,2.4271160997780286e-33,WBGene00001089,0.0033561639189268484,WBGene00002025,1.606033498733383e-19,WBGene00004895,1.0748998083775087e-25,WBGene00022388,2.1267459097106422e-05,WBGene00004682,0.01014195421493683,WBGene00002979,4.714921397237903e-21,WBGene00006757,0.006086363224935099,WBGene00002005,0.007144377057076271,WBGene00008143,5.298655622614174e-20,WBGene00010703,0.0015094292030657138
67,WBGene00000161,2.2259534227619064e-10,WBGene00016735,4.6908082315468e-60,WBGene00016405,6.708727183660309e-13,WBGene00010435,1.0272604716605385e-12,WBGene00006601,7.32578966241015e-08,WBGene00003130,3.0190349568547777e-33,WBGene00004254,0.003471253310129872,WBGene00003153,2.639959118978571e-19,WBGene00016140,1.5359868931505192e-25,WBGene00019060,2.3815215690360095e-05,WBGene00004182,0.010389594556713143,WBGene00004754,5.93022352175711e-21,WBGene00006755,0.006597951861641258,WBGene00000833,0.007365327824459861,WBGene00013237,6.784731782163205e-20,WBGene00012326,0.0015656885403600286
68,WBGene00004345,4.050608629127919e-10,WBGene00006444,9.373655142695415e-60,WBGene00011629,7.860426508487654e-13,WBGene00002223,1.9052517449083346e-12,WBGene00010736,7.509202086334326e-08,WBGene00001132,4.778408440038732e-33,WBGene00001043,0.003805717116118197,WBGene00004980,3.281337063526182e-19,WBGene00003397,1.8129301189390774e-25,WBGene00001335,2.482500833970098e-05,WBGene00004207,0.01119459890211358,WBGene00000542,5.959877791012238e-21,WBGene00006890,0.007243440435596731,WBGene00018037,0.007524302742914696,WBGene00007645,8.91419080061813e-20,WBGene00022361,0.0015983684684515635
69,WBGene00009920,4.241643659446226e-10,WBGene00019543,1.0548041586399297e-59,WBGene00000567,8.201066654467338e-13,WBGene00020181,2.493487897399752e-12,WBGene00000071,8.777979712961429e-08,WBGene00001116,5.9061144041405815e-33,WBGene00007620,0.004107969934160763,WBGene00021800,3.706520106448435e-19,WBGene00014204,2.05932824237038e-25,WBGene00019434,2.4943732815816687e-05,WBGene00011807,0.011464486644684295,WBGene00016162,6.461938957103691e-21,WBGene00016961,0.007836988293248217,WBGene00002191,0.008391879982894849,WBGene00017137,9.896778615186174e-20,WBGene00008143,0.0016998068177228836
70,WBGene00008018,5.593089744759076e-10,WBGene00017349,1.4638705536092999e-59,WBGene00022046,1.771527962014288e-12,WBGene00007955,3.1140277246988018e-12,WBGene00001235,1.1260446955193124e-07,WBGene00013462,2.1928733570203123e-32,WBGene00018788,0.004482290607223653,WBGene00011283,5.022966185283083e-19,WBGene00022388,2.9133848347186295e-25,WBGene00016918,2.667110123159611e-05,WBGene00012930,0.01380157898390098,WBGene00022021,7.622203412115224e-21,WBGene00006913,0.007913535157883888,WBGene00002344,0.008780652304400961,WBGene00001708,1.1344170450825235e-19,WBGene00017137,0.0017416828193767416
71,WBGene00011474,8.548131763255699e-10,WBGene00008927,1.823263420477842e-59,WBGene00003948,1.891297112857453e-12,WBGene00007210,4.464648978146089e-12,WBGene00019823,1.2520692661506367e-07,WBGene00011481,6.823466439656803e-32,WBGene00003916,0.004839471758775445,WBGene00007330,8.444157057633632e-19,WBGene00012097,3.937787218088745e-25,WBGene00013217,3.650974616898129e-05,WBGene00010890,0.014185137790411865,WBGene00000188,9.135566686728441e-21,WBGene00007836,0.008403006268276234,WBGene00015478,0.009067170649186397,WBGene00016539,1.2331173642553959e-19,WBGene00004256,0.0017458389600253925
72,WBGene00013111,9.050012576836958e-10,WBGene00006920,2.557316971814318e-59,WBGene00004490,1.8918242630272876e-12,WBGene00016937,5.8718409962246454e-12,WBGene00004055,1.49372797139744e-07,WBGene00018520,1.4156389466504704e-31,WBGene00006791,0.005708617853451175,WBGene00010794,1.1567561579694587e-18,WBGene00015470,4.709459536466209e-25,WBGene00016811,4.0889267949325726e-05,WBGene00000018,0.01477339485171118,WBGene00019830,3.797291041599941e-20,WBGene00003143,0.008862071253886987,WBGene00020216,0.009118506310122875,WBGene00013002,1.286889619595514e-19,WBGene00010496,0.0017587810164222336
73,WBGene00011283,9.399397462403275e-10,WBGene00007645,5.849152148883696e-59,WBGene00003927,1.9026096416111554e-12,WBGene00022703,1.2504233763594213e-11,WBGene00013802,1.7144044157746057e-07,WBGene00019877,2.2172676926021208e-31,WBGene00017904,0.006769255697309836,WBGene00006601,3.860250339247047e-18,WBGene00019323,5.196017190790828e-25,WBGene00000071,4.3173191739153615e-05,WBGene00008948,0.015385346946111742,WBGene00000123,5.730893327070448e-20,WBGene00004273,0.009266668310290297,WBGene00022336,0.009222919408875159,WBGene00020115,1.4019476835779773e-19,WBGene00018788,0.001778147973548458
74,WBGene00020572,1.0458368151868032e-09,WBGene00006917,9.457774761973356e-59,WBGene00004014,2.592489269810013e-12,WBGene00004855,1.2959008236967856e-11,WBGene00002243,1.9393124160571542e-07,WBGene00002855,2.690393993231326e-31,WBGene00019487,0.00711841432015491,WBGene00001116,3.93327253049828e-18,WBGene00008053,1.066170660473405e-24,WBGene00017934,4.3663805049147834e-05,WBGene00015219,0.01570810013802113,WBGene00020683,5.794715561204091e-20,WBGene00003423,0.009364151211218613,WBGene00002980,0.009598315046052606,WBGene00009672,1.8749947169420763e-19,WBGene00006476,0.0018239579210552641
75,WBGene00000476,1.083489966449595e-09,WBGene00020235,9.463418482430098e-59,WBGene00007027,4.215832888439704e-12,WBGene00002039,1.5631234816874075e-11,WBGene00022388,2.0894288438299187e-07,WBGene00001497,3.0226612166355113e-31,WBGene00007210,0.007878555232157624,WBGene00012553,3.969298999745145e-18,WBGene00001035,2.397500767852871e-24,WBGene00018784,4.42199552060213e-05,WBGene00007924,0.015800897887983778,WBGene00012326,5.920476851354304e-20,WBGene00016725,0.009458448720773654,WBGene00016250,0.009732331324786445,WBGene00022391,2.871041247852678e-19,WBGene00007210,0.0018304658505401358
76,WBGene00014215,1.1499668102235941e-09,WBGene00000198,1.4330999186691649e-58,WBGene00001498,4.737959544474645e-12,WBGene00000875,1.9348963888406142e-11,WBGene00018998,2.2684948860406228e-07,WBGene00003014,3.559539893601794e-31,WBGene00021009,0.00813581550629608,WBGene00000188,1.3244185408556745e-17,WBGene00021208,2.631058097534782e-24,WBGene00003834,4.7195222209031514e-05,WBGene00001368,0.016912601798569404,WBGene00007053,6.558981853840315e-20,WBGene00019726,0.00950134111787307,WBGene00004272,0.009984173734019504,WBGene00000961,2.8967519693052924e-19,WBGene00020111,0.0019824201303669698
77,WBGene00010813,1.572971411583594e-09,WBGene00018890,2.6650190514051035e-58,WBGene00020683,8.172552757428038e-12,WBGene00020556,2.011971889855898e-11,WBGene00004045,2.511194313515323e-07,WBGene00001023,4.224997613737174e-31,WBGene00010272,0.00868205850445762,WBGene00022127,2.7706468130957877e-17,WBGene00002045,5.827531532445252e-24,WBGene00001844,4.894392477590979e-05,WBGene00004213,0.01836337857839498,WBGene00000912,6.72737550224905e-20,WBGene00021292,0.009656080313973043,WBGene00021420,0.010067666812923082,WBGene00000192,3.1257111694163666e-19,WBGene00003401,0.002004981664500063
78,WBGene00015561,1.882618209447765e-09,WBGene00022046,1.5436013438787257e-57,WBGene00010284,9.630058922557674e-12,WBGene00006626,2.6675091273661776e-11,WBGene00008780,2.543761875025359e-07,WBGene00009812,5.243723030997255e-31,WBGene00007042,0.009617124656511659,WBGene00014202,3.284849413897685e-17,WBGene00016170,1.018654917387043e-23,WBGene00011308,5.131196651133047e-05,WBGene00006803,0.01840911467214097,WBGene00003153,7.688205784565478e-20,WBGene00013042,0.010215021911609962,WBGene00013000,0.01010363950220417,WBGene00021295,3.9845626174532533e-19,WBGene00017025,0.0020373473654057106
79,WBGene00004368,2.2438281512982318e-09,WBGene00013803,4.6352731805195495e-57,WBGene00010560,1.149797064808665e-11,WBGene00018037,3.0558463409286214e-11,WBGene00004277,2.574325184825326e-07,WBGene00006508,5.740285345922483e-31,WBGene00001558,0.01041062857413828,WBGene00000371,3.597648094839427e-17,WBGene00016405,1.8703780688771886e-23,WBGene00001115,5.277250981405545e-05,WBGene00012348,0.018475203833525244,WBGene00004390,8.081790336990813e-20,WBGene00001196,0.010683739076799828,WBGene00007055,0.010169624195395468,WBGene00011897,4.510915601042574e-19,WBGene00013002,0.0021418558154232244
80,WBGene00001177,3.3697659551731015e-09,WBGene00007235,5.430176709961815e-57,WBGene00006382,1.774442131038288e-11,WBGene00013025,3.1789036075035634e-11,WBGene00000086,2.9493517904022136e-07,WBGene00018294,1.0739201180319878e-30,WBGene00001994,0.010510684725591876,WBGene00002045,6.486723401955817e-17,WBGene00004389,4.895295141291297e-23,WBGene00000110,5.679195117146101e-05,WBGene00004245,0.01976736322619857,WBGene00017063,8.427016532460984e-20,WBGene00017137,0.011261582801023913,WBGene00006601,0.010747820212843784,WBGene00007683,5.6472183562951e-19,WBGene00018769,0.002202876445463348
81,WBGene00006770,3.94072961898831e-09,WBGene00010317,7.301292383019123e-57,WBGene00007055,1.7895450347528546e-11,WBGene00004464,3.276636875478734e-11,WBGene00013000,5.102006642615153e-07,WBGene00009082,1.1533000432676068e-30,WBGene00016735,0.011665263335310842,WBGene00002162,7.327920138129129e-17,WBGene00011625,6.983357592564667e-23,WBGene00009674,5.940927424101465e-05,WBGene00021078,0.020184611242600327,WBGene00011729,1.126010625476456e-19,WBGene00020530,0.011428081715803628,WBGene00008973,0.011089073623667048,WBGene00008546,5.805667075568141e-19,WBGene00003119,0.0022287687513857578
82,WBGene00001484,6.880125919587902e-09,WBGene00001559,1.0174472131131388e-56,WBGene00020781,2.041306191750129e-11,WBGene00011775,3.5333177904589196e-11,WBGene00001709,5.121404785846602e-07,WBGene00004705,1.178724556961279e-30,WBGene00003172,0.012495951965440595,WBGene00019900,8.981485628836652e-17,WBGene00010406,8.134405378044021e-23,WBGene00004277,7.129244555710085e-05,WBGene00014051,0.02192433648413422,WBGene00002295,3.427393746433472e-19,WBGene00002147,0.011658047576569519,WBGene00004285,0.011155046243051988,WBGene00000892,9.26302989719312e-19,WBGene00004375,0.002251258867413676
83,WBGene00015470,7.3216370253136965e-09,WBGene00021009,1.2464330675954552e-56,WBGene00001229,2.0708084671311013e-11,WBGene00011717,6.079501198730765e-11,WBGene00016811,5.801918579596207e-07,WBGene00016961,1.5511205189818469e-30,WBGene00013709,0.01371453462409075,WBGene00000112,1.229223810760826e-16,WBGene00004322,9.017940067472586e-23,WBGene00003948,8.175688793779483e-05,WBGene00021334,0.024278971114228286,WBGene00016611,4.737843227080157e-19,WBGene00017778,0.011965998485738068,WBGene00011230,0.011252360090574526,WBGene00006468,9.675945017900806e-19,WBGene00006757,0.002391733378800035
84,WBGene00004375,7.907002719761529e-09,WBGene00007110,1.9507410586976814e-56,WBGene00001226,2.1510803305700696e-11,WBGene00003163,6.18285794347853e-11,WBGene00004184,7.295551874947031e-07,WBGene00015501,1.61642795249572e-30,WBGene00004047,0.013811241522883105,WBGene00015413,1.585440295132414e-16,WBGene00008119,1.0106100745494641e-22,WBGene00021926,9.393192328403831e-05,WBGene00006517,0.024402637107857183,WBGene00004245,6.601404908679644e-19,WBGene00012978,0.012003095318091076,WBGene00008053,0.01252445686200788,WBGene00015809,1.0048038025746715e-18,WBGene00004213,0.0024365438759263044
85,WBGene00009503,2.5458968186163746e-08,WBGene00004504,3.2966870200303146e-56,WBGene00001209,2.3428694123933876e-11,WBGene00001368,7.381034304986404e-11,WBGene00006833,7.702239925409309e-07,WBGene00003149,2.0446599459960213e-30,WBGene00001171,0.013871332047306801,WBGene00018846,2.0375984121258784e-16,WBGene00016383,1.4905385493446203e-22,WBGene00021883,9.452906847229938e-05,WBGene00018290,0.024783893702720362,WBGene00001560,1.6084523197630052e-18,WBGene00003401,0.013823611710055512,WBGene00022201,0.012636745847027227,WBGene00003423,1.2454269368930133e-18,WBGene00000419,0.002536671247816194
86,WBGene00021185,3.787710147193372e-08,WBGene00019457,3.8667966065028386e-56,WBGene00019947,3.2185903632699795e-11,WBGene00004266,7.39253255682541e-11,WBGene00006503,8.943508236384097e-07,WBGene00012903,9.03899826104671e-30,WBGene00004274,0.013943420549615771,WBGene00001490,6.32631190686346e-16,WBGene00001226,1.5368969613623725e-22,WBGene00022856,9.759445468690705e-05,WBGene00000776,0.025707413039367633,WBGene00000911,5.047767242127449e-18,WBGene00006785,0.014041307082260581,WBGene00020683,0.012988111169122477,WBGene00006767,1.737119931357376e-18,WBGene00012676,0.0025507734628985937
87,WBGene00011884,5.17226225959905e-08,WBGene00007055,6.11961102760843e-56,WBGene00013460,5.4579292589203515e-11,WBGene00009177,7.525191596406286e-11,WBGene00019060,9.415889736926874e-07,WBGene00004245,1.172592088350629e-29,WBGene00008143,0.014333367041358793,WBGene00007385,1.0973577274039816e-15,WBGene00004204,1.581722216780554e-22,WBGene00016935,0.00010960119353535344,WBGene00020530,0.029089659131084373,WBGene00010988,5.435579097948124e-18,WBGene00011884,0.014869709816958477,WBGene00006833,0.01382888817003003,WBGene00009532,2.6326549371758123e-18,WBGene00016937,0.002598899434369346
88,WBGene00001377,5.558516590033046e-08,WBGene00008452,8.41079118783722e-56,WBGene00000396,6.661510453138841e-11,WBGene00004434,9.828200598638107e-11,WBGene00020556,1.0153011455493727e-06,WBGene00004182,1.7290496180365206e-29,WBGene00003391,0.015013054981308048,WBGene00003831,1.5341714683424541e-15,WBGene00021810,1.7539501345277044e-22,WBGene00003830,0.00011369563657480807,WBGene00017163,0.030260404584808085,WBGene00022176,1.1239302722162861e-17,WBGene00009322,0.014905113865630806,WBGene00022435,0.013895937307388232,WBGene00006919,3.3526284082767726e-18,WBGene00020511,0.0026631331196556468
89,WBGene00020696,1.234763520878208e-07,WBGene00006563,8.747685232438572e-56,WBGene00011308,1.1053012591221398e-10,WBGene00018520,1.0697669283476519e-10,WBGene00017016,1.103639793423061e-06,WBGene00017640,2.0929220148646817e-29,WBGene00003827,0.016239079981594882,WBGene00022240,1.8970531044906193e-15,WBGene00000874,7.615666806771963e-22,WBGene00001426,0.00011512996822992556,WBGene00011625,0.03156584722613948,WBGene00010923,1.2462970375403368e-17,WBGene00007952,0.015152953705165737,WBGene00005663,0.014502337669009482,WBGene00010809,3.495158277362832e-18,WBGene00004182,0.0027628411421003647
90,WBGene00000156,1.3159882707243995e-07,WBGene00006512,1.1020688938278054e-55,WBGene00000381,1.1595172903636182e-10,WBGene00021628,1.2885558698029658e-10,WBGene00016981,1.2725775138324722e-06,WBGene00012497,2.912688788843579e-29,WBGene00014119,0.016651204634750852,WBGene00015391,2.2099390543932405e-15,WBGene00009784,8.124717191237667e-22,WBGene00010337,0.00011855156071324905,WBGene00003196,0.03196015431103776,WBGene00021857,1.4224918738424488e-17,WBGene00006856,0.015925603870693496,WBGene00010419,0.01544314603507392,WBGene00000228,4.397730982458501e-18,WBGene00000368,0.0028411470630907683
91,WBGene00013711,1.3733331914235108e-07,WBGene00002039,2.2495787518507706e-55,WBGene00016250,1.786130937204672e-10,WBGene00021292,1.356839667811081e-10,WBGene00015156,1.4305679271847823e-06,WBGene00021248,3.261972415173315e-29,WBGene00003925,0.01745307466762949,WBGene00022538,2.315977559030975e-15,WBGene00006382,9.123704848407099e-22,WBGene00016981,0.00012685522519590618,WBGene00017983,0.032609770075929675,WBGene00011605,1.547134217427788e-17,WBGene00019060,0.015961763376186412,WBGene00020604,0.015532322608530956,WBGene00014202,4.6214779997661925e-18,WBGene00017904,0.002885008105883969
92,WBGene00004032,1.5219309314619713e-07,WBGene00001087,4.273934993538894e-55,WBGene00004914,1.9404047878428612e-10,WBGene00011638,1.6147975509067806e-10,WBGene00022389,1.5104599349989448e-06,WBGene00021800,3.7351219468399817e-29,WBGene00007197,0.017470887072837064,WBGene00001115,2.9488939753260462e-15,WBGene00001860,1.936291333050716e-21,WBGene00013924,0.00013478888522922784,WBGene00007784,0.032830288680477854,WBGene00003963,1.7100891965564652e-17,WBGene00003196,0.016118803247410298,WBGene00016162,0.015624256175444842,WBGene00021629,6.583169996867635e-18,WBGene00010988,0.002984093908302772
93,WBGene00003150,1.7010319240948178e-07,WBGene00019747,4.481078178959105e-55,WBGene00017119,2.0228603578684364e-10,WBGene00009542,1.6485687060179466e-10,WBGene00018007,1.5709012239844509e-06,WBGene00012359,4.0690639605952967e-29,WBGene00021292,0.017889542776419062,WBGene00016197,4.042656189648177e-15,WBGene00010260,2.0188776236042067e-21,WBGene00010560,0.00013532945451655553,WBGene00004405,0.03364905712262519,WBGene00019747,2.009986590743546e-17,WBGene00006830,0.016756846352771037,WBGene00022793,0.01564962168990414,WBGene00044077,6.705540403127914e-18,WBGene00003568,0.003056958323727281
94,WBGene00013326,1.762114294763273e-07,WBGene00007428,5.8165172401912686e-55,WBGene00004388,2.2333701734396318e-10,WBGene00009674,1.7229804807440063e-10,WBGene00004913,1.7486168817266454e-06,WBGene00007993,5.910755849835276e-29,WBGene00018330,0.01789156444151035,WBGene00020636,4.149491301501966e-15,WBGene00007008,2.9446370199087487e-21,WBGene00000156,0.0001412529487831551,WBGene00015391,0.035353290025414465,WBGene00010406,2.541556299579352e-17,WBGene00004254,0.01719855132890163,WBGene00004682,0.01725280422808113,WBGene00004307,7.286888739033918e-18,WBGene00021209,0.0031314418725595563
95,WBGene00004831,2.0795089136674574e-07,WBGene00010130,8.000780418032408e-55,WBGene00020604,2.3373611325190093e-10,WBGene00009882,1.92843001527688e-10,WBGene00001508,1.8372276476828439e-06,WBGene00004452,7.51160017321222e-29,WBGene00019347,0.01945119540699377,WBGene00002083,6.332875088291189e-15,WBGene00022534,1.0148549126459505e-20,WBGene00001094,0.00014773644474350476,WBGene00003569,0.03584395451888248,WBGene00001650,4.4504523603752474e-17,WBGene00019433,0.017412267453517625,WBGene00011481,0.017306509812907264,WBGene00018398,8.325557435933728e-18,WBGene00006913,0.003134995769527942
96,WBGene00020114,2.3577393948666174e-07,WBGene00003182,8.694287965765285e-55,WBGene00010435,2.52064722852781e-10,WBGene00010284,1.9780367963311568e-10,WBGene00011308,1.88498146151595e-06,WBGene00002344,7.557950072372474e-29,WBGene00006755,0.02007645278668626,WBGene00001094,1.1572926914968759e-14,WBGene00018998,2.0457093379799584e-20,WBGene00010813,0.00014856061947557178,WBGene00013289,0.035973531926813275,WBGene00001837,6.475137780024372e-17,WBGene00009103,0.01742242779060919,WBGene00000086,0.018196490766313054,WBGene00001258,8.680787174732333e-18,WBGene00002147,0.0031364183575613024
97,WBGene00004087,2.9270363526768583e-07,WBGene00021597,9.226303582317089e-55,WBGene00002191,3.0284837739613145e-10,WBGene00008685,2.0400544295257966e-10,WBGene00016383,2.8152818801931103e-06,WBGene00002202,9.352361308166688e-29,WBGene00009881,0.02266218966705042,WBGene00000900,1.1995263272030047e-14,WBGene00022703,3.059489164131009e-20,WBGene00000240,0.00019717140185002277,WBGene00003186,0.03639984786495429,WBGene00021952,9.41788240082768e-17,WBGene00018857,0.017849091311979353,WBGene00019693,0.018434030834616828,WBGene00003149,1.0893231371073277e-17,WBGene00001405,0.0031513911016388166
98,WBGene00012326,3.0054663028921716e-07,WBGene00005019,1.1008350025270775e-54,WBGene00011605,3.434594052728642e-10,WBGene00004454,2.2599115146132955e-10,WBGene00003878,3.0684629896136726e-06,WBGene00009671,9.82093040765159e-29,WBGene00008311,0.02302121932841746,WBGene00004015,1.342464588189871e-14,WBGene00004914,3.553580921285248e-20,WBGene00003775,0.00020036141634598186,WBGene00003911,0.036816977986318125,WBGene00001259,1.0039640558077511e-16,WBGene00001398,0.018161282766620625,WBGene00000802,0.018526592804398095,WBGene00004213,1.122461340152304e-17,WBGene00018857,0.003159259943867589
99,WBGene00000396,3.4053701111618673e-07,WBGene00044077,1.4488588039650498e-54,WBGene00011638,5.093498090370857e-10,WBGene00019693,3.435496808128416e-10,WBGene00004276,3.35352320906522e-06,WBGene00010890,1.284928769690594e-28,WBGene00006768,0.02370886093449448,WBGene00007924,1.3831746749818291e-14,WBGene00017768,3.650841293510493e-20,WBGene00002497,0.00021712767160901646,WBGene00004273,0.039508881009886795,WBGene00007143,1.7794276789242404e-16,WBGene00000892,0.018297935140566372,WBGene00009793,0.018572132216546505,WBGene00016968,1.1233467004697256e-17,WBGene00020770,0.0032286974547854146
