,0_n,0_p,1_n,1_p,2_n,2_p,3_n,3_p,4_n,4_p,5_n,5_p,6_n,6_p,7_n,7_p,8_n,8_p,9_n,9_p,10_n,10_p,11_n,11_p,12_n,12_p,13_n,13_p,14_n,14_p,15_n,15_p,16_n,16_p,17_n,17_p,18_n,18_p,19_n,19_p,20_n,20_p,21_n,21_p
0,WBGene00004358,2.542963738866979e-161,WBGene00004423,6.328966142491755e-241,WBGene00021350,2.905230859211815e-143,WBGene00011480,2.19165331087794e-248,WBGene00000064,0.0,WBGene00006586,0.0,WBGene00002010,1.9651172659177293e-192,WBGene00004951,0.0,WBGene00004921,3.0679535928832007e-223,WBGene00006803,3.132013637597015e-69,WBGene00003776,2.7724549128403666e-66,WBGene00001340,2.8338254782618425e-236,WBGene00004446,6.704531592316942e-84,WBGene00000148,4.422660662190734e-59,WBGene00004485,8.297662845528293e-174,WBGene00019944,1.4042738900343072e-115,WBGene00001685,1.5712189257022856e-77,WBGene00022855,1.1802677979964114e-130,WBGene00008745,3.547035633317074e-91,WBGene00001263,1.176187718371527e-90,WBGene00011232,5.23648668275038e-86,WBGene00019064,5.895585429021995e-84
1,WBGene00015064,2.153324798471005e-160,WBGene00004499,4.493343231367831e-178,WBGene00004424,2.219300087078685e-88,WBGene00002007,1.1380381885407234e-239,WBGene00018271,2.0503299330765e-160,WBGene00003371,0.0,WBGene00004446,1.2723938599495288e-191,WBGene00003400,5.806247922480414e-59,WBGene00003878,6.817984395074046e-187,WBGene00010369,2.080917754093972e-56,WBGene00006728,2.91482944462595e-35,WBGene00009177,9.532287176805869e-38,WBGene00004432,3.195752946148547e-67,WBGene00002025,2.5022816122116808e-54,WBGene00009452,2.6825773646874305e-16,WBGene00001843,8.342316454634149e-103,WBGene00004271,6.252718989987024e-35,WBGene00001794,1.5926458615746395e-12,WBGene00001130,1.751642410105295e-07,WBGene00006586,5.858819057189728e-50,WBGene00018491,7.611977342060043e-30,WBGene00006586,2.0194413801099686e-64
2,WBGene00017735,8.406997613978863e-142,WBGene00004433,2.4290850665350876e-112,WBGene00004409,1.198381491733044e-87,WBGene00006959,4.7326859693589686e-154,WBGene00000776,1.3727925653881787e-135,WBGene00002978,0.0,WBGene00002025,3.381270467267225e-182,WBGene00044061,1.225568825936621e-56,WBGene00018330,1.4999715529827309e-180,WBGene00003400,9.490955086889017e-37,WBGene00000292,1.3872391632087837e-34,WBGene00018877,1.0140593830366543e-37,WBGene00012343,1.657482505494249e-17,WBGene00009177,2.761225101055363e-23,WBGene00020273,1.5325480457330717e-15,WBGene00008151,1.3563295673050267e-99,WBGene00001516,6.8672614815511e-31,WBGene00009177,5.910798520452261e-11,WBGene00006508,2.5017759063383055e-07,WBGene00019064,2.536258468637574e-45,WBGene00021910,1.1687466612024562e-23,WBGene00001263,1.953877924281229e-53
3,WBGene00004088,1.0719859073424189e-140,WBGene00004488,2.9829528931943975e-111,WBGene00012343,2.683522177600262e-66,WBGene00007696,1.0655744222666513e-141,WBGene00018877,1.4843014529727187e-131,WBGene00019064,0.0,WBGene00004438,1.98861902505337e-177,WBGene00016258,3.130362149245871e-51,WBGene00004912,1.8480591985627418e-178,WBGene00004364,6.797944386082355e-33,WBGene00003914,4.0085372016678655e-34,WBGene00000776,2.3515278057577695e-33,WBGene00020273,7.624853006542476e-17,WBGene00018877,8.58372319743915e-22,WBGene00004463,1.557393467253925e-14,WBGene00018090,8.964169854512823e-99,WBGene00003172,9.225363087013821e-30,WBGene00006812,9.292139346847039e-11,WBGene00020114,1.224728289064066e-06,WBGene00002978,1.680537253264654e-44,WBGene00004274,1.638401536574498e-19,WBGene00002978,2.3547756891121665e-48
4,WBGene00003878,2.5471933043446063e-140,WBGene00009122,2.6007637536272188e-64,WBGene00012005,7.099748919140828e-57,WBGene00006626,1.0946268136997904e-139,WBGene00009177,2.5027424879279735e-129,WBGene00001263,6.700893822937267e-308,WBGene00004426,1.4720454438149175e-166,WBGene00001516,9.520255183173674e-47,WBGene00001055,4.439562743553728e-171,WBGene00020556,4.7393720834248534e-30,WBGene00015064,2.2566495655595073e-28,WBGene00020509,3.7122889420933736e-33,WBGene00019323,3.589112434615933e-15,WBGene00004389,8.020719792337025e-21,WBGene00004499,1.4696589144975655e-13,WBGene00020207,1.0179863607590699e-96,WBGene00022847,5.903235373914507e-27,WBGene00009628,2.7710547419841944e-09,WBGene00013732,2.262573362790159e-06,WBGene00006359,9.399101708214803e-41,WBGene00001685,1.8676404663870233e-19,WBGene00006759,2.834249171589539e-38
5,WBGene00006933,3.6286343297133406e-140,WBGene00012343,7.068360127199324e-63,WBGene00004489,5.369404168815868e-55,WBGene00018090,2.1406544345433323e-106,WBGene00020509,9.005862860185053e-127,WBGene00004025,3.959311519227842e-278,WBGene00004485,2.9317607696777023e-151,WBGene00020334,1.814799965313393e-43,WBGene00001612,4.64274242992985e-170,WBGene00007010,6.0541094343536914e-30,WBGene00000201,7.013724494162342e-24,WBGene00001794,1.8548009488302263e-32,WBGene00022271,3.650035988534562e-14,WBGene00001794,4.4933310239087045e-20,WBGene00004432,2.1878473117557736e-12,WBGene00013703,2.52241466174533e-95,WBGene00008775,1.931626561230508e-26,WBGene00000277,6.3782917601416235e-09,WBGene00019018,7.164836378807933e-06,WBGene00020770,3.6441451282495574e-40,WBGene00003914,3.4400502320118054e-18,WBGene00003371,3.3441821536480353e-32
6,WBGene00010665,6.932607296157378e-140,WBGene00004493,3.3940800232780513e-62,WBGene00004482,3.0949989601688435e-50,WBGene00004462,6.748819684347221e-104,WBGene00001794,2.42328983587558e-105,WBGene00006759,2.6345766717342193e-244,WBGene00004499,6.195083749392384e-151,WBGene00020507,3.84486068161959e-42,WBGene00016793,1.2200433644056536e-167,WBGene00009120,1.7473819733952e-29,WBGene00006633,3.769679414971814e-23,WBGene00004389,3.1055342408422447e-32,WBGene00017855,3.3807827171031414e-13,WBGene00020509,8.1075130750659e-19,WBGene00006698,1.6868870161745775e-11,WBGene00000774,9.70783995721011e-95,WBGene00009116,1.2574950828723555e-23,WBGene00004364,8.737923519204233e-09,WBGene00003400,9.808505417906847e-06,WBGene00001101,5.3059894686458315e-40,WBGene00007666,1.7524310743755266e-16,WBGene00004130,1.2927931282614944e-30
7,WBGene00000985,9.191788562591656e-140,WBGene00004486,1.5430858095131788e-57,WBGene00004486,1.0128349574890071e-47,WBGene00002025,1.4425995589793528e-103,WBGene00009958,1.2389882597563192e-101,WBGene00003893,2.880053059284124e-240,WBGene00004423,5.458949246413557e-150,WBGene00001489,5.769663494118824e-42,WBGene00010496,5.653198242966795e-165,WBGene00003567,1.7708743776704088e-28,WBGene00000217,2.0930623583029833e-21,WBGene00013855,1.3220322106669716e-31,WBGene00010844,8.878308927427026e-13,WBGene00003086,1.3077181938650555e-17,WBGene00004454,4.4658177174235294e-11,WBGene00019770,1.0259007018977302e-92,WBGene00019305,6.050412187151993e-23,WBGene00001620,9.309034748858472e-09,WBGene00001794,9.810062076688681e-06,WBGene00002192,6.899033070368131e-40,WBGene00004855,2.432866613912192e-16,WBGene00004025,8.756264012624796e-27
8,WBGene00004003,9.7558835467346e-138,WBGene00004485,1.568438750523297e-54,WBGene00004493,5.311312734368414e-46,WBGene00003776,2.24499934373459e-99,WBGene00003053,2.8249165220773944e-101,WBGene00012934,4.254740702018039e-239,WBGene00002045,3.5269510619826875e-144,WBGene00010670,2.1648767198385777e-40,WBGene00004088,2.292492806732186e-164,WBGene00013124,2.332947904946826e-28,WBGene00014021,6.4917196175478784e-21,WBGene00018271,7.581168597958354e-31,WBGene00001087,1.6857022028337312e-12,WBGene00013577,1.4360586619278063e-17,WBGene00009584,1.0474808217360086e-10,WBGene00006704,3.78435525468078e-92,WBGene00011232,1.7901134722529502e-22,WBGene00015064,1.0722917179644848e-08,WBGene00003053,1.4528230009583329e-05,WBGene00015512,3.269013997373347e-39,WBGene00018187,2.9762972614484895e-16,WBGene00003893,1.5090081613058187e-23
9,WBGene00004271,1.5241182808534214e-136,WBGene00004479,2.334349912361795e-54,WBGene00004440,7.632468704847018e-45,WBGene00021420,1.1056086081058543e-97,WBGene00003086,4.301245913625303e-96,WBGene00001863,2.043788232643472e-205,WBGene00018846,7.069616475975471e-142,WBGene00019163,1.2459597256210743e-38,WBGene00016258,3.88742733978549e-164,WBGene00019163,1.3620710227853271e-24,WBGene00000149,1.606624762303804e-20,WBGene00009958,1.4143506864521883e-30,WBGene00018090,3.389295725247082e-12,WBGene00003053,4.131198083345249e-17,WBGene00004488,7.995016039497729e-10,WBGene00004296,6.95911714331166e-92,WBGene00015219,4.0125164886166793e-22,WBGene00020509,1.223328362223329e-08,WBGene00018877,1.6978942614920254e-05,WBGene00004213,1.4962482786352822e-38,WBGene00020146,1.6562885655738904e-15,WBGene00006801,1.7092394669015564e-19
10,WBGene00006616,3.381570222283982e-129,WBGene00006698,1.755010142591283e-49,WBGene00003826,5.600308676775778e-41,WBGene00003052,1.9365627361936575e-91,WBGene00004389,1.3756147861803242e-93,WBGene00009531,1.4390908135184286e-190,WBGene00006924,2.0223738098224853e-141,WBGene00006803,1.9825875203991607e-38,WBGene00004271,5.915807746021209e-163,WBGene00021753,2.150119047326746e-24,WBGene00018304,3.434103621610305e-19,WBGene00003053,2.18359298659309e-30,WBGene00004016,4.902220408013612e-12,WBGene00009958,4.258727917566719e-17,WBGene00004016,1.1761775748109065e-09,WBGene00044321,8.666122449686836e-92,WBGene00016583,1.0080881135516045e-21,WBGene00001604,2.1062943817914108e-08,WBGene00011116,1.739536049866812e-05,WBGene00021629,1.7505125082680666e-38,WBGene00020509,1.8548709413095213e-15,WBGene00001863,3.473959637015381e-18
11,WBGene00008684,2.1305714579219806e-124,WBGene00004495,4.001221902577646e-48,WBGene00019323,6.770921696141057e-41,WBGene00012097,1.1195549926880252e-88,WBGene00002250,2.784071119918511e-90,WBGene00011230,3.1019369227631464e-186,WBGene00009122,2.0708375002698485e-132,WBGene00009812,7.157776311095531e-38,WBGene00001526,1.2504336608502133e-161,WBGene00001909,1.725107996345454e-23,WBGene00002694,4.6347622607282446e-18,WBGene00003086,7.878718278941552e-30,WBGene00006596,4.431164846923037e-11,WBGene00009477,4.4998498047893034e-17,WBGene00000112,2.5941359985273363e-09,WBGene00019427,1.0151960682776152e-90,WBGene00015326,6.947955237721188e-21,WBGene00020114,2.867355488573333e-08,WBGene00000376,2.311856620063098e-05,WBGene00012934,2.6412267139460046e-36,WBGene00001489,2.143296731356623e-15,WBGene00011116,1.4835862770954994e-16
12,WBGene00016793,5.54506552463139e-124,WBGene00004454,3.615934286075541e-47,WBGene00013680,5.822509732213191e-40,WBGene00001030,1.2772319333119569e-85,WBGene00002247,3.900183591414703e-89,WBGene00003978,2.9792303238065365e-185,WBGene00004432,3.987776248262349e-129,WBGene00015125,8.505542670410956e-38,WBGene00022847,8.344501414419864e-161,WBGene00016258,2.1421876210851462e-23,WBGene00006460,1.6170208617844908e-17,WBGene00003243,1.3624742070422867e-29,WBGene00019544,6.532247044459568e-11,WBGene00018271,7.875954149502688e-17,WBGene00003826,4.2844832678963874e-09,WBGene00002178,2.048033423982076e-90,WBGene00020146,8.761495932969252e-21,WBGene00004744,8.517888654620455e-08,WBGene00018756,2.623415876496882e-05,WBGene00008780,2.9720913770509497e-36,WBGene00006633,7.375934392944516e-14,WBGene00002497,1.673497020029239e-16
13,WBGene00001055,1.2124124036604634e-122,WBGene00012005,1.2315077693440537e-46,WBGene00001843,1.9122903365261328e-39,WBGene00007463,2.0263840229921343e-85,WBGene00011116,1.9311840438342384e-88,WBGene00004316,9.67730112739263e-182,WBGene00022042,2.1353351730559625e-128,WBGene00009674,2.2026469147020565e-37,WBGene00019305,4.162923662178595e-158,WBGene00001516,1.2572202036515584e-22,WBGene00004855,1.9670352682925583e-17,WBGene00004130,2.4215681288360515e-28,WBGene00020443,8.380115783657104e-11,WBGene00003243,2.7829519822628233e-16,WBGene00004493,8.604747058487482e-08,WBGene00013460,4.1763737998879285e-90,WBGene00044071,9.219567104121458e-21,WBGene00017699,1.2493055362490503e-07,WBGene00003825,3.161927669377422e-05,WBGene00007593,3.146736133317425e-36,WBGene00000293,8.717945121275806e-14,WBGene00004736,2.1579248629608052e-16
14,WBGene00013124,1.2216549023276682e-122,WBGene00004482,5.989950764047827e-45,WBGene00004445,2.2871100189141409e-38,WBGene00000377,1.8275263945276475e-83,WBGene00013577,9.684293220076131e-87,WBGene00004854,1.478111972857457e-179,WBGene00021350,6.493501934692737e-128,WBGene00010097,2.3453886855387565e-37,WBGene00003949,5.395257232911328e-156,WBGene00019305,8.978838018348438e-22,WBGene00008345,1.4877474223452433e-16,WBGene00001073,9.027129891641656e-28,WBGene00004036,8.627935615615713e-11,WBGene00004130,4.4128764836192357e-16,WBGene00001166,8.788317760338731e-08,WBGene00022271,6.284674031498944e-90,WBGene00019827,1.6896887237419532e-20,WBGene00013577,1.8591819755894617e-07,WBGene00003186,3.438356618921107e-05,WBGene00006759,5.352957800511896e-36,WBGene00004463,1.2558899122846915e-13,WBGene00012934,1.438723126362827e-14
15,WBGene00000217,3.5050901561235635e-120,WBGene00004016,1.7786015282406947e-44,WBGene00021551,2.710342981469826e-38,WBGene00017724,2.2648221275364898e-77,WBGene00003243,3.53419913228605e-85,WBGene00000777,9.515178637590354e-174,WBGene00004448,1.3937717024864685e-127,WBGene00001909,2.488006357214802e-37,WBGene00006777,2.0280018541324883e-154,WBGene00009812,9.139385601964538e-22,WBGene00003043,1.552503968286183e-16,WBGene00018520,9.104702590758483e-28,WBGene00012393,1.1543464636073767e-10,WBGene00014098,6.80345048731916e-16,WBGene00004444,1.635718421517243e-07,WBGene00004036,4.349334515362338e-88,WBGene00019890,3.6549357992903095e-20,WBGene00013855,1.902202489603624e-07,WBGene00002048,3.5233123587509265e-05,WBGene00018975,3.112387654135403e-35,WBGene00018756,4.3850380964524737e-13,WBGene00008000,3.225132889120335e-14
16,WBGene00000294,2.4018587627059656e-116,WBGene00019323,5.253222925627955e-44,WBGene00009084,2.6953659275680707e-37,WBGene00000882,5.1984282746062044e-76,WBGene00013855,8.909333549299108e-85,WBGene00004121,3.911948021547889e-169,WBGene00004493,2.0899821861961083e-126,WBGene00009120,3.5872139626483974e-37,WBGene00009672,1.4477840151368716e-153,WBGene00004921,1.5862225616415145e-21,WBGene00000985,2.462380684484304e-16,WBGene00011116,3.2058406002845004e-27,WBGene00004424,1.2366477908701184e-10,WBGene00011116,7.764949250088361e-16,WBGene00000114,2.5510816325326737e-07,WBGene00000485,6.089002645525383e-88,WBGene00022280,3.65524447399921e-20,WBGene00018877,1.939226697142182e-07,WBGene00009177,3.6427072764931676e-05,WBGene00009116,7.996618026218984e-35,WBGene00015470,5.817510120979205e-13,WBGene00006788,1.0485504345816079e-13
17,WBGene00019305,4.053566328698297e-116,WBGene00004441,7.89617040884001e-44,WBGene00004441,8.681745676084627e-37,WBGene00018846,2.2734740873701133e-73,WBGene00004130,1.7486360381170898e-82,WBGene00011146,7.197062281975238e-169,WBGene00004433,1.0713958321091568e-124,WBGene00008775,8.350260422861225e-37,WBGene00020462,2.8684388680371445e-152,WBGene00008775,3.306885702581536e-21,WBGene00009628,8.222524626553705e-16,WBGene00013577,2.3137501068305447e-26,WBGene00017605,1.6983970219373234e-10,WBGene00013855,8.34559194354359e-16,WBGene00008682,3.4896047500108494e-07,WBGene00007686,1.6002323613345897e-87,WBGene00003066,4.7173786457206227e-20,WBGene00017316,2.1324691906524774e-07,WBGene00002217,3.95861840816561e-05,WBGene00006887,5.69511414045919e-33,WBGene00010794,1.0357714398047473e-12,WBGene00018520,3.852337126198912e-13
18,WBGene00004921,8.974939273061127e-116,WBGene00004426,2.148288727800761e-43,WBGene00004492,1.4413677456619511e-36,WBGene00013311,8.89064016937065e-71,WBGene00000565,7.389523873571923e-81,WBGene00020770,8.689016098334507e-158,WBGene00004440,1.8889660447527895e-121,WBGene00001648,2.817120583981898e-36,WBGene00008546,7.3761379499738e-151,WBGene00020507,4.536744498419988e-21,WBGene00016278,1.7124188676990986e-15,WBGene00000367,4.287679737475346e-26,WBGene00004440,3.781750090765772e-10,WBGene00002247,1.2362386314906868e-15,WBGene00017855,3.8005187526961026e-07,WBGene00015778,5.300786347467646e-87,WBGene00019673,5.359191543099682e-20,WBGene00001101,2.355801953440333e-07,WBGene00018271,4.445088584477598e-05,WBGene00004267,6.939373304372632e-32,WBGene00008000,1.8634086830033792e-12,WBGene00008502,7.187036845629406e-13
19,WBGene00003815,4.145667446052553e-114,WBGene00004432,5.390100538437923e-42,WBGene00019544,1.9121972071997596e-35,WBGene00000985,1.353667459236924e-70,WBGene00001073,1.8959695101917093e-80,WBGene00044079,1.0576432869837508e-153,WBGene00004488,1.505869086880642e-118,WBGene00020854,4.918774689535244e-35,WBGene00004913,2.540382642823829e-150,WBGene00001648,2.8820003420360374e-20,WBGene00020604,1.760976861714025e-15,WBGene00002250,4.9459248903650657e-26,WBGene00044321,6.761148071571448e-10,WBGene00000776,2.441639549790404e-15,WBGene00010809,4.510566744662517e-07,WBGene00018738,5.8507908378628955e-87,WBGene00000837,1.3969293305124406e-19,WBGene00012497,3.9745284960371454e-07,WBGene00016258,6.527200682469017e-05,WBGene00004854,1.3937904284578902e-31,WBGene00012337,2.170713687263652e-12,WBGene00000939,7.591742974832699e-13
20,WBGene00020146,1.731724543160072e-112,WBGene00004492,1.5810680272566128e-41,WBGene00004495,3.778250711879341e-35,WBGene00003914,7.081904837408889e-70,WBGene00014098,8.483685395549874e-80,WBGene00004728,5.284499581094771e-153,WBGene00007617,1.3560235521013517e-116,WBGene00000277,1.9118660235598868e-34,WBGene00011392,6.477592317628851e-150,WBGene00020854,3.439365700743926e-20,WBGene00004184,4.037833061617708e-15,WBGene00001101,1.0047927432152299e-25,WBGene00004482,9.111766426170714e-10,WBGene00004458,2.5949811344138594e-15,WBGene00004433,5.782876094677732e-07,WBGene00009734,7.151774720609626e-86,WBGene00010778,2.4303817359682023e-19,WBGene00018271,4.270284727704161e-07,WBGene00000102,6.563485749846128e-05,WBGene00018837,1.5386596073582628e-31,WBGene00020604,4.3773629013147736e-12,WBGene00000018,8.645753107629931e-13
21,WBGene00009996,2.4052448217435144e-111,WBGene00004438,5.412888063126589e-41,WBGene00006698,5.293005828450467e-35,WBGene00001426,7.454977603290634e-70,WBGene00018520,2.4081725206693614e-77,WBGene00021733,7.742252922427847e-152,WBGene00004441,1.6602758287317977e-114,WBGene00007860,3.074292235829906e-34,WBGene00015251,3.4994672201052007e-149,WBGene00004744,9.610994437619201e-20,WBGene00001620,1.463141475087684e-14,WBGene00014098,3.158226517351623e-25,WBGene00003978,1.5296285679126443e-09,WBGene00003156,2.712531038382325e-15,WBGene00004259,7.421381992012852e-07,WBGene00010579,2.9164512586843634e-85,WBGene00004276,4.7395242776852285e-19,WBGene00007666,4.3553773334397243e-07,WBGene00020509,6.675418249303313e-05,WBGene00021733,2.759681008020689e-31,WBGene00001620,4.603392022371757e-12,WBGene00003166,1.4541618266489746e-12
22,WBGene00001007,4.043532425323152e-110,WBGene00004036,3.924198470297739e-40,WBGene00004446,3.688546940875595e-34,WBGene00004046,9.411036898943028e-68,WBGene00006920,7.466879759550864e-77,WBGene00018681,6.359274754295073e-150,WBGene00004424,3.0801658226814805e-110,WBGene00006324,4.122556299366155e-34,WBGene00021831,4.310766261939699e-149,WBGene00003172,1.3511720895221925e-19,WBGene00009812,2.3527264186634805e-14,WBGene00003825,5.5486341265803575e-25,WBGene00021752,1.6085432405359618e-09,WBGene00001073,2.8737823030806678e-15,WBGene00000800,7.444149535390662e-07,WBGene00007242,1.8517053213199029e-84,WBGene00009542,6.171990552835038e-19,WBGene00003951,6.907317752262211e-07,WBGene00000776,7.412099972214875e-05,WBGene00004130,3.3664221592078224e-31,WBGene00000985,6.182860590258629e-12,WBGene00015512,1.5294997389910425e-12
23,WBGene00003062,5.639290458857872e-107,WBGene00021350,3.569885013052409e-39,WBGene00020273,2.339777775493163e-33,WBGene00004951,3.642781378423045e-67,WBGene00005663,9.853347827602606e-77,WBGene00004736,6.559295105582888e-148,WBGene00004492,5.964886414521231e-110,WBGene00004364,6.049528525810965e-34,WBGene00003569,2.4782872154988344e-148,WBGene00010670,2.1037188180774952e-19,WBGene00003772,2.652642725183276e-14,WBGene00004117,6.886935337932502e-25,WBGene00000112,1.93378492581893e-09,WBGene00008480,3.0152754017205593e-15,WBGene00020915,1.0700659811023996e-06,WBGene00003583,3.398954224138997e-84,WBGene00000217,7.483039568621237e-19,WBGene00000102,7.234924389632334e-07,WBGene00006920,7.440544905651875e-05,WBGene00022021,3.875723282221483e-31,WBGene00012354,1.6729362754105503e-11,WBGene00016630,2.0012624249963347e-12
24,WBGene00019673,6.411353781254151e-107,WBGene00004424,4.0245516545411513e-38,WBGene00004036,1.0739665363149293e-32,WBGene00004969,4.494536917086165e-67,WBGene00001130,2.5958315458498313e-76,WBGene00015525,1.1939447546265746e-147,WBGene00004495,8.577984768409803e-109,WBGene00002632,1.026158458693764e-33,WBGene00009534,4.060207032745246e-148,WBGene00004258,2.1062258859936051e-19,WBGene00015470,4.147906052622223e-14,WBGene00002247,1.2855169744682425e-24,WBGene00004445,2.7657338961891406e-09,WBGene00018520,5.4401047885579324e-15,WBGene00020509,1.6181548988911404e-06,WBGene00002891,5.687969321087047e-83,WBGene00004088,8.820483319356214e-19,WBGene00004117,7.640411459947198e-07,WBGene00000367,7.608299552889204e-05,WBGene00003371,4.0030582749716615e-31,WBGene00004267,2.0944655841360873e-11,WBGene00001630,2.4869926477925167e-12
25,WBGene00000292,1.2812644321345098e-106,WBGene00010844,7.803585543980412e-38,WBGene00004479,5.483215593603743e-32,WBGene00013597,6.757190542288102e-67,WBGene00001101,5.40324415011933e-76,WBGene00004358,1.2011375283443435e-139,WBGene00012005,1.8491825362923898e-107,WBGene00001604,1.1739815484189963e-33,WBGene00021753,9.709062312473586e-147,WBGene00044071,2.3628554934744815e-19,WBGene00007666,7.267136882347699e-14,WBGene00009584,1.9773019710214055e-24,WBGene00004433,2.843087907958321e-09,WBGene00004504,7.264668114887086e-15,WBGene00020441,2.394777240803261e-06,WBGene00020092,2.2635943115242115e-82,WBGene00011142,2.4790328448605083e-18,WBGene00016889,9.05028611587265e-07,WBGene00017316,9.74603266274205e-05,WBGene00017045,7.273148910076838e-30,WBGene00014021,2.8479451766596035e-11,WBGene00001574,2.716288539110675e-12
26,WBGene00004266,4.101606656798924e-105,WBGene00020273,4.085764357427063e-37,WBGene00004016,1.1042849175067523e-31,WBGene00019770,3.6773216747650375e-66,WBGene00017316,8.768348762611429e-76,WBGene00001685,5.378452144986626e-137,WBGene00004482,3.841602519876289e-104,WBGene00002048,1.2151112473311338e-33,WBGene00006736,8.131413316141479e-144,WBGene00006498,4.444693092844866e-19,WBGene00006823,8.036462684787638e-14,WBGene00000443,3.2781113192799357e-24,WBGene00002004,5.719665836314813e-09,WBGene00009584,7.717392966880347e-15,WBGene00003086,2.574313019090836e-06,WBGene00000879,5.809830647221109e-81,WBGene00003878,4.369378397254953e-18,WBGene00002038,9.791572633955497e-07,WBGene00007666,0.00010134712949102386,WBGene00000464,9.019947350783835e-30,WBGene00003047,2.8949553018384394e-11,WBGene00004755,2.799792212010479e-12
27,WBGene00000424,3.823870659664739e-103,WBGene00013606,3.812228820687235e-36,WBGene00017929,2.9988071226459433e-30,WBGene00002010,4.245099860537917e-66,WBGene00000367,1.8620579530364675e-74,WBGene00022199,1.5390962774039622e-134,WBGene00006728,1.8611771590046054e-103,WBGene00000982,1.2273373275570606e-33,WBGene00015927,8.908539455032757e-144,WBGene00006777,5.384881863952747e-19,WBGene00015553,8.047614976903181e-14,WBGene00009477,3.600389649095211e-24,WBGene00001843,1.6339957063393837e-08,WBGene00012813,9.217527709358954e-15,WBGene00003947,2.7517428184489943e-06,WBGene00020443,2.5698862258615813e-80,WBGene00000880,5.041979701519111e-18,WBGene00001130,1.0685615426528806e-06,WBGene00021910,0.00011241155470449645,WBGene00008140,3.0555933725160564e-29,WBGene00006772,1.2715923122144745e-10,WBGene00004754,3.478028946318241e-12
28,WBGene00015927,1.687275492135183e-102,WBGene00004410,8.245177211076644e-36,WBGene00001087,7.234989937882752e-30,WBGene00017217,2.525425680000186e-65,WBGene00004788,2.5755850530356873e-73,WBGene00022401,1.6452565612496574e-134,WBGene00004016,3.4996810511379195e-101,WBGene00012497,2.9430794978564673e-33,WBGene00006724,2.747535600525514e-143,WBGene00000982,1.9655521727911294e-18,WBGene00000982,1.9441009132710012e-13,WBGene00000565,6.171426382503474e-24,WBGene00004501,1.6658127027161035e-08,WBGene00002250,1.2017144784647394e-14,WBGene00018520,4.3870471333618265e-06,WBGene00004854,7.628636229777012e-80,WBGene00001745,1.6879039435268298e-17,WBGene00016278,1.3130004570186257e-06,WBGene00006812,0.00013436430881760958,WBGene00007175,8.82441789573537e-29,WBGene00000833,1.55716030471521e-10,WBGene00001101,4.7842985510714025e-12
29,WBGene00003925,2.446118279588708e-100,WBGene00004446,1.5128606556883655e-35,WBGene00004448,2.513554524676454e-29,WBGene00003964,3.5707930283672977e-65,WBGene00003825,3.2331593947105405e-73,WBGene00009628,1.90217280533194e-131,WBGene00001843,6.017089153461313e-100,WBGene00019259,1.0144203196118997e-32,WBGene00020507,7.427392769509595e-142,WBGene00006964,3.065645614123635e-18,WBGene00006932,2.1476175011058203e-13,WBGene00008480,8.338194248495124e-24,WBGene00017929,2.5856879477744518e-08,WBGene00006697,1.368265122091077e-14,WBGene00006932,4.4544534462930516e-06,WBGene00016746,7.63967994227712e-80,WBGene00018330,1.7142779250174223e-17,WBGene00004032,1.4116734827446816e-06,WBGene00007433,0.00015487448966153725,WBGene00020821,1.0064246403753054e-27,WBGene00001094,1.699849943164882e-10,WBGene00009958,1.0562467135095696e-11
30,WBGene00001604,4.2064118877510837e-100,WBGene00003826,4.014961881444554e-35,WBGene00016140,2.5969480005896583e-29,WBGene00006633,3.805164744078154e-65,WBGene00006697,4.145724807177881e-73,WBGene00004682,9.212607519304192e-130,WBGene00004489,1.7090571354918605e-99,WBGene00006840,1.1263463484900025e-32,WBGene00003925,1.0441537369227586e-140,WBGene00011392,4.9351937729742774e-18,WBGene00000294,2.4850975411305056e-13,WBGene00004788,9.596313338369914e-24,WBGene00019770,2.709134081080339e-08,WBGene00004788,1.506133124444704e-14,WBGene00006497,4.46857049168914e-06,WBGene00021327,1.5229177258635127e-79,WBGene00000985,2.4274556296781643e-17,WBGene00006697,1.624754380682747e-06,WBGene00001172,0.0001648464375700298,WBGene00001094,1.1915764804541475e-27,WBGene00000982,1.9040569656977187e-10,WBGene00018890,1.655868835223112e-11
31,WBGene00018891,7.560695830517395e-100,WBGene00017855,8.571044233353701e-35,WBGene00004426,6.304988890421712e-29,WBGene00000996,1.3080969539015245e-64,WBGene00018872,9.638421223827473e-73,WBGene00001983,8.289178139293935e-125,WBGene00004445,5.0728632921977406e-99,WBGene00001172,1.1405211414260886e-32,WBGene00014015,1.3940066216812145e-140,WBGene00003186,5.766244920910216e-18,WBGene00006433,4.001994648169509e-13,WBGene00004458,1.0000570972352376e-23,WBGene00007412,3.97673344386828e-08,WBGene00018890,1.8225485856300413e-14,WBGene00001073,4.597035871216094e-06,WBGene00022400,1.7211858248722223e-79,WBGene00000403,3.3755483897253515e-17,WBGene00006920,1.7092573852263219e-06,WBGene00009958,0.00021065939992563019,WBGene00000777,2.1275976035768044e-27,WBGene00021733,2.1338030934938538e-10,WBGene00015743,4.720966080966348e-11
32,WBGene00009082,2.0306959093683494e-99,WBGene00004489,3.606347668373434e-33,WBGene00018090,2.25660308499659e-28,WBGene00006772,3.829095166803527e-64,WBGene00008480,3.2846264693809283e-72,WBGene00002192,1.960529620717095e-120,WBGene00004409,7.603833039855226e-98,WBGene00000158,4.95414209764824e-32,WBGene00002632,2.0671072159702184e-140,WBGene00013667,1.0096625374495692e-17,WBGene00001844,5.042803538240345e-13,WBGene00000939,1.0060197009744854e-23,WBGene00008919,6.537186458102715e-08,WBGene00000565,2.0290301536918505e-14,WBGene00019944,4.760627749139984e-06,WBGene00019365,2.1210659258710247e-79,WBGene00006373,3.640677392552944e-17,WBGene00015344,2.1510203875500274e-06,WBGene00002250,0.0002186646077518893,WBGene00007242,2.550535224750788e-27,WBGene00006746,2.177311765869346e-10,WBGene00006697,1.063571631171861e-10
33,WBGene00019620,2.653275596580844e-98,WBGene00018090,4.89238045783316e-31,WBGene00019944,2.174265760289327e-27,WBGene00020441,9.599972129675242e-64,WBGene00004458,3.371073430117134e-72,WBGene00020556,9.364078432302827e-120,WBGene00004444,1.2416448245922249e-96,WBGene00013223,8.471921900184615e-32,WBGene00009120,4.19013096109807e-140,WBGene00009674,1.622637416955455e-17,WBGene00002250,5.152289611208737e-13,WBGene00006920,1.1124644348215563e-23,WBGene00000879,7.78796374606701e-08,WBGene00005663,2.174763753899886e-14,WBGene00009285,5.235944965473077e-06,WBGene00004679,2.833712182808963e-79,WBGene00003925,7.180359766801132e-17,WBGene00014202,2.1605855370166997e-06,WBGene00018872,0.00025127708775960454,WBGene00004215,5.156873574484554e-27,WBGene00012376,3.929210012519227e-10,WBGene00006751,4.2380987141418794e-10
34,WBGene00019890,1.4732572999034197e-97,WBGene00004440,1.8514861339472925e-30,WBGene00003148,3.076211415100931e-26,WBGene00011638,1.039733197808715e-63,WBGene00009584,5.860494604867805e-72,WBGene00013666,2.914751440590734e-119,WBGene00004486,3.523147041015212e-96,WBGene00013124,4.707850284296106e-31,WBGene00003400,5.664490539708461e-140,WBGene00020114,2.3033982093891204e-17,WBGene00004271,8.126403494484708e-13,WBGene00003156,1.2048998420179084e-23,WBGene00021697,9.133792794877749e-08,WBGene00001101,2.2602969440568492e-14,WBGene00003951,8.210892671380094e-06,WBGene00012829,8.313979905191276e-79,WBGene00006777,9.586604750604054e-17,WBGene00004389,2.5338185896786332e-06,WBGene00013577,0.00025577569392589935,WBGene00000776,7.106720767753644e-27,WBGene00011953,6.378204667066356e-10,WBGene00019883,4.2465912823828755e-10
35,WBGene00014119,5.510702279588074e-96,WBGene00004343,3.2972865190062e-30,WBGene00021697,5.347529047128136e-26,WBGene00000381,4.1063792792726793e-63,WBGene00012341,7.372662397331869e-72,WBGene00015156,1.2044272036984021e-118,WBGene00020297,1.5799181695047862e-94,WBGene00006812,9.621308717264734e-31,WBGene00009740,5.906987645510232e-140,WBGene00004980,3.341545460685875e-17,WBGene00011953,9.81133617800536e-13,WBGene00004076,2.423903977342918e-23,WBGene00001042,1.5456447511566662e-07,WBGene00004259,2.3793599433685172e-14,WBGene00004482,1.0288068098090372e-05,WBGene00009976,1.1123444304765564e-78,WBGene00008143,1.7830304167701408e-16,WBGene00012337,2.615937217395765e-06,WBGene00003086,0.0002732360035014491,WBGene00003166,8.772737450799137e-27,WBGene00002583,6.698275207037409e-10,WBGene00004389,4.812032463371803e-10
36,WBGene00016583,7.575279334499037e-96,WBGene00001843,1.894923214266455e-29,WBGene00000879,1.0143256039803529e-25,WBGene00004749,6.351737324540198e-62,WBGene00010896,1.2181287834539507e-71,WBGene00000542,1.4152799087266373e-116,WBGene00004410,1.839784135914585e-94,WBGene00013667,4.2168261942534414e-30,WBGene00000876,6.743082086212083e-140,WBGene00006772,3.540311711819616e-17,WBGene00006933,1.806170540036435e-12,WBGene00001130,2.5772252940611316e-23,WBGene00002191,1.8258804618153335e-07,WBGene00003825,2.6241296439113374e-14,WBGene00012005,1.4996032713954746e-05,WBGene00014120,1.1724710921796175e-78,WBGene00003062,5.021712689120301e-16,WBGene00000367,2.635684090696885e-06,WBGene00003243,0.00028493485263097264,WBGene00008919,3.581234810062495e-26,WBGene00000294,6.987433710648357e-10,WBGene00003930,7.076198155004123e-10
37,WBGene00021831,9.674339249956039e-96,WBGene00004445,2.0294513968790359e-29,WBGene00004410,1.0355930598815092e-25,WBGene00000182,4.0621232814285746e-61,WBGene00001025,3.82698619810551e-71,WBGene00006773,1.1320219632444476e-115,WBGene00013680,6.746461614129487e-93,WBGene00019305,5.764574770094528e-30,WBGene00013168,3.8562520961022284e-139,WBGene00010130,9.769704961325225e-17,WBGene00019944,1.9186901445662646e-12,WBGene00016889,2.8988341500967e-23,WBGene00018131,2.0179391735156135e-07,WBGene00000367,2.6768991678111528e-14,WBGene00009177,1.5197514529991149e-05,WBGene00013804,2.9085681166613873e-78,WBGene00020111,8.466157015098751e-16,WBGene00012386,2.945444919141786e-06,WBGene00018734,0.000289265755336944,WBGene00004881,4.2250157565153116e-26,WBGene00004076,9.50949884523459e-10,WBGene00012341,7.80643677467609e-10
38,WBGene00004980,2.660915377348341e-95,WBGene00013042,5.367940243471781e-29,WBGene00020779,2.5708946207766846e-25,WBGene00020391,7.075504333991102e-60,WBGene00012813,3.983790921346452e-71,WBGene00015691,1.8753764594371827e-114,WBGene00004390,1.3888123379849745e-89,WBGene00000403,1.1275512431296277e-29,WBGene00000281,5.807049521815727e-138,WBGene00018734,1.1873190633238926e-16,WBGene00020268,1.9860305630161636e-12,WBGene00016117,3.2008884522121817e-23,WBGene00000814,3.4530015090536103e-07,WBGene00010896,3.8447220018864906e-14,WBGene00002004,1.6376759450284968e-05,WBGene00015219,3.386825033403225e-78,WBGene00013028,9.991370128209578e-16,WBGene00019018,3.0768361200328277e-06,WBGene00018426,0.00032877169226838265,WBGene00019365,5.174825835006759e-26,WBGene00015778,9.954638353212778e-10,WBGene00003258,7.868863746287977e-10
39,WBGene00003953,8.67127780922913e-94,WBGene00000112,7.354750518875895e-29,WBGene00004454,7.805396253188411e-25,WBGene00021466,2.029033101459409e-57,WBGene00007683,4.809553752796424e-71,WBGene00020146,2.6679160484124804e-112,WBGene00001042,4.427967759796309e-89,WBGene00003567,3.4478249431658047e-29,WBGene00011814,8.841667110904477e-138,WBGene00000367,1.316421073315917e-16,WBGene00004358,2.2850827564345598e-12,WBGene00006697,4.124960267131491e-23,WBGene00013042,5.416375839255153e-07,WBGene00016889,5.4456852182260236e-14,WBGene00020216,2.0408850712386916e-05,WBGene00006843,4.1118204168750273e-78,WBGene00002191,1.0993236940945585e-15,WBGene00016393,3.2261404300658503e-06,WBGene00003916,0.00036413452103365346,WBGene00003172,5.255363453699571e-26,WBGene00000292,1.1149204662745433e-09,WBGene00006812,7.919756272929848e-10
40,WBGene00004109,1.9452596447409406e-93,WBGene00013680,7.822727463371691e-29,WBGene00004485,1.6259460211685812e-24,WBGene00011306,4.3351575062634665e-57,WBGene00003156,6.650438396545274e-71,WBGene00021355,2.9480406595838953e-110,WBGene00004454,5.723771590058985e-87,WBGene00021753,3.530102579892603e-29,WBGene00004884,2.0787510077816417e-137,WBGene00001130,1.6723572137556202e-16,WBGene00000102,2.807494078347388e-12,WBGene00001025,4.621831874990447e-23,WBGene00002025,6.948130402303974e-07,WBGene00006920,7.412171877039022e-14,WBGene00002850,2.2155934094210296e-05,WBGene00011106,5.653410961558782e-78,WBGene00021320,1.445238437434337e-15,WBGene00004076,4.437717086837401e-06,WBGene00003156,0.000398638586347064,WBGene00010813,1.038959040789384e-25,WBGene00002344,1.2652280699461028e-09,WBGene00020216,8.681966510926548e-10
41,WBGene00015146,1.974037095305848e-93,WBGene00009084,1.037145954897424e-28,WBGene00004438,3.397645049898247e-24,WBGene00000378,9.017423715294828e-56,WBGene00010641,8.323430772009386e-71,WBGene00011884,3.622877919477013e-110,WBGene00004187,3.394910179386481e-85,WBGene00008685,9.497945298132409e-29,WBGene00012359,4.500901020157031e-137,WBGene00006812,2.0412049491516108e-16,WBGene00004463,6.7653990353662295e-12,WBGene00004245,5.860849198017065e-23,WBGene00012005,8.970381837148898e-07,WBGene00001258,7.530760707605687e-14,WBGene00004441,2.394951096213604e-05,WBGene00016957,1.8216120977260702e-77,WBGene00002694,1.8675320556554892e-15,WBGene00003053,4.456675607866509e-06,WBGene00013034,0.00045792805983630423,WBGene00004121,1.4079709390311926e-25,WBGene00002980,2.0734258203386096e-09,WBGene00044077,9.946479337305566e-10
42,WBGene00011106,5.625893042885687e-93,WBGene00000114,1.0848269165446754e-28,WBGene00002045,3.4538100905878434e-24,WBGene00011481,4.3217699361688734e-55,WBGene00013025,4.8945765576023624e-70,WBGene00006801,1.2017831510339897e-109,WBGene00001945,2.825689969195179e-84,WBGene00044071,1.2156638555439196e-28,WBGene00018788,1.368168870935112e-136,WBGene00000403,2.3647379336543364e-16,WBGene00006773,1.1954306639410666e-11,WBGene00004364,8.10904864410379e-23,WBGene00016500,9.29897643615164e-07,WBGene00001130,9.540492934948937e-14,WBGene00009958,2.4972966364375552e-05,WBGene00010878,4.169539539341992e-77,WBGene00000785,1.911686526359181e-15,WBGene00000565,4.802462669441643e-06,WBGene00004389,0.0004688368008261244,WBGene00016879,2.0892907156961024e-25,WBGene00010427,2.2023012328008824e-09,WBGene00000898,1.71542496883261e-09
43,WBGene00000785,1.3697540788221154e-90,WBGene00009452,2.543742143667639e-28,WBGene00013042,8.772795931403613e-24,WBGene00015391,1.7835933315582308e-54,WBGene00009477,2.1852878259741784e-69,WBGene00007027,3.14494489228628e-109,WBGene00001029,2.058628632813094e-83,WBGene00018734,1.6386494757378762e-28,WBGene00019163,1.726026818016433e-136,WBGene00006494,2.79770514294758e-16,WBGene00016716,1.2998482266381271e-11,WBGene00012341,8.448747190308007e-23,WBGene00007617,1.1720418629939339e-06,WBGene00000800,1.2758683249344565e-13,WBGene00004505,2.717208838302605e-05,WBGene00004895,6.595403397923797e-77,WBGene00019333,2.0459157343281405e-15,WBGene00001025,4.900064762690161e-06,WBGene00009477,0.0004720815853996045,WBGene00022199,1.0600580112772142e-24,WBGene00004184,2.4711654669940184e-09,WBGene00022119,1.8357242390420647e-09
44,WBGene00020111,2.1697225347147817e-88,WBGene00001560,1.2113320208380414e-27,WBGene00020441,1.439833706868054e-23,WBGene00011232,2.568385022573334e-54,WBGene00004076,1.1407987627374408e-68,WBGene00003102,9.6600876507009e-109,WBGene00018090,1.9231417600889583e-81,WBGene00003186,1.7204528822796049e-28,WBGene00009267,4.7115387909873e-136,WBGene00004766,3.296818296337226e-16,WBGene00019673,1.3751020006394017e-11,WBGene00005663,1.49807985359994e-22,WBGene00000996,1.8597274963881882e-06,WBGene00004076,1.8131066186818524e-13,WBGene00003825,2.8415541105802474e-05,WBGene00018281,1.3707491097283651e-76,WBGene00013855,2.178402692198397e-15,WBGene00020604,5.550180843356746e-06,WBGene00013557,0.0005240494649436775,WBGene00010844,1.265503651544395e-24,WBGene00010665,2.8717018571585832e-09,WBGene00004032,2.0176302296409372e-09
45,WBGene00005015,2.6610840696094853e-88,WBGene00004409,3.4740080125008354e-26,WBGene00000996,2.15230387081567e-23,WBGene00008345,3.6631104738987145e-54,WBGene00009664,3.0463170584820426e-68,WBGene00008780,9.699795249537612e-108,WBGene00021934,9.538822017122939e-80,WBGene00017423,3.0139064060269643e-28,WBGene00013020,5.095893424753132e-136,WBGene00015301,3.606945678188507e-16,WBGene00004003,4.016688552427892e-11,WBGene00018756,1.6782968917548558e-22,WBGene00020779,2.535995840990352e-06,WBGene00007683,2.427684255374346e-13,WBGene00011116,3.5629956428772587e-05,WBGene00011758,1.375719320024789e-76,WBGene00015064,2.2755365184265827e-15,WBGene00004788,5.810996697167672e-06,WBGene00002162,0.0005359635253258037,WBGene00020507,1.8392946924778443e-24,WBGene00000371,3.2550505012204144e-09,WBGene00008852,2.538964982680861e-09
46,WBGene00003525,8.176511884741619e-88,WBGene00000565,6.966615426593096e-26,WBGene00004447,4.3552298995517683e-23,WBGene00004276,4.1946840068489023e-54,WBGene00004117,5.930011227012713e-68,WBGene00008876,4.19871901244462e-100,WBGene00002261,7.893884598004208e-79,WBGene00004258,1.0481811644384146e-27,WBGene00001709,9.595118022245803e-136,WBGene00018330,1.1655544575942389e-15,WBGene00004910,9.463423996701844e-11,WBGene00015237,1.706941283278319e-22,WBGene00022599,3.616563577845924e-06,WBGene00014151,2.4795199529383574e-13,WBGene00010896,3.858478168504951e-05,WBGene00014218,2.372547833933728e-76,WBGene00015920,2.9991777900916668e-15,WBGene00006801,6.261328208009019e-06,WBGene00001189,0.0005446770680058553,WBGene00008694,2.4803442852116804e-24,WBGene00000379,3.411868651436301e-09,WBGene00009285,2.7420345591705123e-09
47,WBGene00006724,8.682227689003942e-88,WBGene00000879,5.61610571248708e-24,WBGene00010844,6.620697601429501e-23,WBGene00004091,1.5994293031497958e-53,WBGene00018890,7.388358186190588e-68,WBGene00011503,1.3297907995496582e-99,WBGene00020441,4.2463631084182115e-78,WBGene00006964,1.8204165206253e-27,WBGene00003172,1.8514293061123642e-135,WBGene00000277,1.231382832393623e-15,WBGene00002036,9.68770167573484e-11,WBGene00020821,1.8850545698456862e-22,WBGene00004495,3.6711299096899264e-06,WBGene00016117,2.741942051241888e-13,WBGene00012553,4.1909518962947094e-05,WBGene00004085,8.335026448007906e-76,WBGene00012578,3.3473064027368498e-15,WBGene00018520,6.396169939725797e-06,WBGene00015512,0.0005799854486227683,WBGene00044079,3.0313098918498186e-24,WBGene00002036,4.296179063165495e-09,WBGene00006497,2.7606338239816825e-09
48,WBGene00022534,4.534564731188053e-87,WBGene00021697,9.571123854822073e-24,WBGene00000814,2.694880709555498e-22,WBGene00021292,1.0311022837295756e-51,WBGene00000939,1.4466533476513098e-67,WBGene00022358,3.5738165629878464e-98,WBGene00018837,6.558355208937673e-76,WBGene00010130,2.127371563358711e-27,WBGene00010665,3.776013291761195e-135,WBGene00018788,1.3670289669940166e-15,WBGene00021910,1.0199654653689553e-10,WBGene00010641,1.981716032779785e-22,WBGene00004203,4.0861736329386235e-06,WBGene00004117,2.782509835807231e-13,WBGene00004117,5.016725309880284e-05,WBGene00020511,9.891537464830229e-76,WBGene00000183,6.127788793491331e-15,WBGene00009120,7.577194887956984e-06,WBGene00009498,0.0006038731457305622,WBGene00003102,4.4118741727405825e-24,WBGene00015555,5.076900983696058e-09,WBGene00008685,3.3769630777367846e-09
49,WBGene00014011,1.5494048667571153e-86,WBGene00002004,5.732608058035208e-22,WBGene00009452,7.379867500190672e-22,WBGene00020268,1.6311861491568443e-51,WBGene00018756,1.988102140877663e-67,WBGene00016331,6.399114274979585e-97,WBGene00004479,2.7078319276490794e-75,WBGene00000837,3.3368476450017205e-27,WBGene00019827,6.026427445794991e-135,WBGene00013223,2.740621284392953e-15,WBGene00002038,1.4855009972366093e-10,WBGene00012337,2.315420276904308e-22,WBGene00013606,5.37164576119137e-06,WBGene00015512,3.1186535102862717e-13,WBGene00016496,5.075315780332245e-05,WBGene00020447,1.17597590622847e-75,WBGene00021854,6.375482560762487e-15,WBGene00002070,7.838986964999987e-06,WBGene00020854,0.000607238948509295,WBGene00001262,9.701699725404809e-24,WBGene00004363,1.1858003540280895e-08,WBGene00002189,3.6612138761569957e-09
50,WBGene00001331,5.17441911190744e-86,WBGene00001166,5.8838996646342545e-22,WBGene00004499,1.1010961960948916e-21,WBGene00016907,2.2880207021455324e-51,WBGene00004245,3.316945377851352e-67,WBGene00006359,9.410670825985686e-97,WBGene00001030,2.447361077401581e-72,WBGene00018017,4.514147837572177e-27,WBGene00006746,1.488566436204647e-134,WBGene00000837,2.959571037941353e-15,WBGene00007385,2.154165777043411e-10,WBGene00012813,2.362338366505648e-22,WBGene00017724,6.040585258153745e-06,WBGene00004492,3.8509545206382446e-13,WBGene00002036,5.189803600547281e-05,WBGene00003822,1.201253805350065e-75,WBGene00008532,6.473386918008103e-15,WBGene00018187,9.618309281468281e-06,WBGene00000101,0.0006075713717543685,WBGene00001708,9.719708079878978e-24,WBGene00020114,1.2498601188860816e-08,WBGene00006498,3.98259044126279e-09
51,WBGene00020268,5.4802943610824794e-86,WBGene00007617,9.611768372931308e-22,WBGene00004432,2.3916796089110478e-21,WBGene00006373,7.116984696663216e-51,WBGene00016117,6.300998738617905e-67,WBGene00000198,1.6021770361505964e-96,WBGene00000879,5.547198945894669e-72,WBGene00004378,5.045357219019763e-27,WBGene00021346,7.75909212272501e-133,WBGene00021294,5.6664848737543835e-15,WBGene00022425,2.6471945415066325e-10,WBGene00018872,2.484910612044475e-22,WBGene00000371,6.576445252382496e-06,WBGene00002078,5.554652723985599e-13,WBGene00017316,5.2098380368326945e-05,WBGene00003931,1.6687278138541971e-75,WBGene00020268,6.624928093225361e-15,WBGene00003243,9.931562746395581e-06,WBGene00003951,0.0006237283036935445,WBGene00001863,1.233608018598009e-23,WBGene00001909,1.2855355707044966e-08,WBGene00002250,4.664285262019475e-09
52,WBGene00004304,7.370552951824988e-85,WBGene00004448,9.220346407640305e-21,WBGene00002025,4.29163160752424e-21,WBGene00000162,2.546974370345241e-50,WBGene00018426,1.1532717729713366e-66,WBGene00004392,3.0499700406077105e-96,WBGene00001423,4.19623780003291e-71,WBGene00000146,5.313759862457142e-27,WBGene00020111,4.4201607445071766e-132,WBGene00004271,8.784596043505236e-15,WBGene00004266,6.281956764796042e-10,WBGene00018890,2.4928526828309887e-22,WBGene00016140,7.391407859610793e-06,WBGene00016278,6.997141165902529e-13,WBGene00010627,5.4732894402276895e-05,WBGene00000105,9.920198502695133e-75,WBGene00022127,7.397764627779183e-15,WBGene00004091,1.081914864997375e-05,WBGene00010130,0.0006535978089594322,WBGene00000837,1.8522806030988818e-23,WBGene00009116,1.6875614295719178e-08,WBGene00004215,4.7443681023253e-09
53,WBGene00004913,8.501823981645403e-85,WBGene00020441,9.816076500457273e-21,WBGene00012393,1.895000646002289e-20,WBGene00002178,3.990432023812626e-50,WBGene00002038,1.3781808828224038e-66,WBGene00022518,6.758237343535291e-96,WBGene00004447,5.5057074189278175e-71,WBGene00000480,5.4197899896856786e-27,WBGene00014119,7.629642561006113e-132,WBGene00012497,1.0258170682644126e-14,WBGene00004274,8.55826406318965e-10,WBGene00010896,3.4544957834373235e-22,WBGene00004438,1.067152677321802e-05,WBGene00000939,7.74259222049922e-13,WBGene00004479,5.746771847084146e-05,WBGene00012645,1.4334668209588487e-74,WBGene00011559,1.0137079446656028e-14,WBGene00004947,1.1167695662382351e-05,WBGene00006746,0.0006569180559069519,WBGene00012005,1.9629591163983853e-23,WBGene00022425,2.2310222857510285e-08,WBGene00004245,5.918789434943021e-09
54,WBGene00001508,3.355693991033125e-83,WBGene00004203,2.2837020758689004e-20,WBGene00004488,3.184524684047599e-20,WBGene00013308,1.1408308518077383e-49,WBGene00020821,3.139798427587557e-66,WBGene00007969,1.1496409691251796e-94,WBGene00017075,6.491756338704393e-70,WBGene00003172,7.769255111403593e-27,WBGene00004258,8.026382782991633e-132,WBGene00007860,1.5717149770633842e-14,WBGene00012354,1.065200079377767e-09,WBGene00002050,4.044333200432884e-22,WBGene00002178,1.324173354324041e-05,WBGene00020821,8.419484733252088e-13,WBGene00001423,6.134451495180277e-05,WBGene00007706,1.8368829877103312e-74,WBGene00022174,1.2298201050068403e-14,WBGene00001909,1.1399112901708926e-05,WBGene00004364,0.0007676494446640355,WBGene00017016,2.4135764674491966e-23,WBGene00011474,2.860753626236373e-08,WBGene00018681,6.403256388116777e-09
55,WBGene00000542,1.5509937869150048e-82,WBGene00019544,3.1684267430184453e-20,WBGene00018846,2.7737943794767667e-19,WBGene00020181,1.3498813059258271e-49,WBGene00015237,7.840647588746e-66,WBGene00002076,1.1860196040824972e-94,WBGene00011735,7.61597218975748e-69,WBGene00018512,2.7836538220307007e-26,WBGene00019884,1.0387172944110024e-131,WBGene00002202,7.643989156312046e-14,WBGene00008684,1.1780816471765512e-09,WBGene00018426,4.2237471500931637e-22,WBGene00021551,1.76477243659015e-05,WBGene00004755,1.0898860221512098e-12,WBGene00019209,6.318602727140493e-05,WBGene00004015,1.8763360612931386e-74,WBGene00009996,3.076592612955809e-14,WBGene00015237,1.1797888196609223e-05,WBGene00005663,0.000831123889528302,WBGene00019890,4.757131466838851e-23,WBGene00020216,3.5624801296909846e-08,WBGene00009664,8.729276719251398e-09
56,WBGene00013168,2.4139660641402948e-82,WBGene00001087,3.839258814075817e-20,WBGene00020417,4.492746740908814e-19,WBGene00001209,3.2336732742912515e-49,WBGene00013034,7.972464903590332e-65,WBGene00013042,1.3767893209826317e-94,WBGene00001340,7.53128482105636e-68,WBGene00003901,3.4554460687673107e-26,WBGene00004980,2.2305708054855697e-131,WBGene00004788,9.146780763775934e-14,WBGene00006755,1.6272195602712917e-09,WBGene00007683,1.0903359924191372e-21,WBGene00000110,1.9561938608874876e-05,WBGene00003794,1.1834479458208113e-12,WBGene00004788,6.469810854448538e-05,WBGene00013237,4.963748040166143e-74,WBGene00021009,4.175756588779973e-14,WBGene00003156,1.1898236486651607e-05,WBGene00006697,0.0008643362922261003,WBGene00001470,5.871361549951248e-23,WBGene00001172,3.7620264947405485e-08,WBGene00004336,9.370381215226404e-09
57,WBGene00004077,3.533089037815462e-82,WBGene00010813,6.779566176361894e-20,WBGene00015162,1.4560793272465928e-18,WBGene00000896,4.320135473476321e-49,WBGene00021910,8.611485386637404e-65,WBGene00004881,7.515960652919327e-93,WBGene00000114,1.0377890124347698e-67,WBGene00000367,1.0607879858849457e-25,WBGene00001352,1.6047653731063749e-130,WBGene00001620,1.0574026493254458e-13,WBGene00017699,2.3170495850791034e-09,WBGene00001574,1.6067844157371901e-21,WBGene00004489,2.0287284213636134e-05,WBGene00001025,1.2594559768745087e-12,WBGene00016630,7.13391394232058e-05,WBGene00008729,5.2739674093990085e-74,WBGene00004358,4.8372116532499044e-14,WBGene00013667,1.3381797103166432e-05,WBGene00013855,0.0008786036805635692,WBGene00014011,1.2781899370797217e-22,WBGene00000424,4.0639860155778074e-08,WBGene00017686,9.688585501396114e-09
58,WBGene00010055,3.8097252725908794e-82,WBGene00004444,7.724094314878225e-20,WBGene00013606,2.6933581978246876e-18,WBGene00009521,1.205110331240131e-48,WBGene00013969,1.0392025466867233e-64,WBGene00044176,1.3259235986546742e-92,WBGene00010627,1.090208420211055e-67,WBGene00001130,1.1499448702591062e-25,WBGene00013218,9.841876701999815e-130,WBGene00006324,1.0728199671133119e-13,WBGene00000112,5.283663069044489e-09,WBGene00015512,2.128430496051492e-21,WBGene00020417,2.118987280895781e-05,WBGene00009664,1.5870168007080949e-12,WBGene00000565,7.222512383010834e-05,WBGene00016981,3.500593455164276e-73,WBGene00006616,5.316468147069738e-14,WBGene00006788,1.4854534823139501e-05,WBGene00002050,0.0009155135571069855,WBGene00017904,2.5411833432269236e-22,WBGene00004109,4.51789061100125e-08,WBGene00020273,9.914033640117832e-09
59,WBGene00004121,1.0519619767444381e-81,WBGene00010890,1.6373493441735117e-19,WBGene00004444,4.531126923123157e-18,WBGene00001844,1.48723858391724e-48,WBGene00004364,1.813866293052183e-64,WBGene00019890,2.6197602372030737e-92,WBGene00004434,3.286569502798999e-66,WBGene00014208,1.437426231093822e-25,WBGene00001745,4.3748968773287947e-129,WBGene00006801,1.4251371129078858e-13,WBGene00004969,5.422711812912336e-09,WBGene00006932,2.769070372447218e-21,WBGene00011142,2.1914407372135862e-05,WBGene00004364,1.6255139091883144e-12,WBGene00016393,7.35127877504213e-05,WBGene00006713,4.8183656372315865e-73,WBGene00013666,7.61887045281507e-14,WBGene00006932,1.6019076685523624e-05,WBGene00009664,0.000946109039227632,WBGene00018788,3.818501924527589e-22,WBGene00003172,4.570853314001906e-08,WBGene00013732,1.044009376754514e-08
60,WBGene00016846,2.2271368769842665e-81,WBGene00001042,5.710793172439262e-19,WBGene00017724,5.0040868830937386e-18,WBGene00022703,3.702067361881605e-48,WBGene00016889,1.8783194361515118e-64,WBGene00017797,1.3850945256545666e-91,WBGene00020110,1.8776838786017469e-65,WBGene00019018,2.7779943374906406e-25,WBGene00015146,9.369857063649019e-129,WBGene00008502,1.5628438736597496e-13,WBGene00007055,5.5221807013180894e-09,WBGene00009664,4.5709871667556615e-21,WBGene00011897,2.251676135974827e-05,WBGene00018756,1.7769381227857114e-12,WBGene00002077,7.83336138736636e-05,WBGene00003969,6.021857823414447e-73,WBGene00015955,8.625280308862391e-14,WBGene00009958,1.6416265454586538e-05,WBGene00017904,0.000994974097893282,WBGene00017671,4.301671982868793e-22,WBGene00003162,6.040968267667896e-08,WBGene00001177,1.1766114090838726e-08
61,WBGene00010564,2.7869742010402963e-81,WBGene00010231,2.0813705351100242e-18,WBGene00010713,5.901298113973828e-18,WBGene00013317,1.039648524380758e-47,WBGene00001574,7.69587466894143e-64,WBGene00015934,1.8858518600640545e-90,WBGene00001560,5.423443798189964e-65,WBGene00006493,3.532314154566863e-25,WBGene00017423,1.4700121911310148e-128,WBGene00000869,1.6752409410736506e-13,WBGene00013028,6.523940321419156e-09,WBGene00016393,6.3966706333103206e-21,WBGene00004207,2.6440517247384316e-05,WBGene00004245,2.4368481262073495e-12,WBGene00000371,7.965163211424025e-05,WBGene00001229,8.078626575212728e-73,WBGene00014011,9.289159049277292e-14,WBGene00010908,1.8537720202092414e-05,WBGene00019163,0.0010152569739784974,WBGene00017430,4.903939273814039e-22,WBGene00002694,7.023461396640307e-08,WBGene00007175,1.2917944158470194e-08
62,WBGene00013218,6.631966270940281e-81,WBGene00003148,3.647956985548222e-18,WBGene00002261,5.92379675247318e-18,WBGene00020511,6.096657976841233e-47,WBGene00012868,8.547498242406016e-64,WBGene00003821,2.1717776351757213e-89,WBGene00001840,9.483745562722816e-65,WBGene00009116,6.597654023253836e-25,WBGene00008444,1.4800226007827193e-128,WBGene00010097,1.7265813930253177e-13,WBGene00003148,6.687913131908211e-09,WBGene00001258,6.579694177023507e-21,WBGene00021934,2.780058373638903e-05,WBGene00006823,2.6633852376531493e-12,WBGene00016073,8.286366061285318e-05,WBGene00003952,9.732863103263654e-73,WBGene00000480,1.1765795355225e-13,WBGene00021753,1.9086250721106897e-05,WBGene00004130,0.0010236095721408624,WBGene00001177,5.738262794197167e-22,WBGene00006823,8.996104763642221e-08,WBGene00003053,1.3583823168933774e-08
63,WBGene00006460,1.2652626899257461e-80,WBGene00004447,4.047078610992692e-18,WBGene00010813,7.458453075270065e-18,WBGene00010713,3.0787961773900163e-46,WBGene00000800,1.4396109950196643e-63,WBGene00019620,2.7984591502957717e-89,WBGene00021295,1.0059297256541045e-64,WBGene00004744,1.7022188029494834e-24,WBGene00009451,1.783646329403332e-128,WBGene00018017,2.29225554524122e-13,WBGene00003927,6.812162726515458e-09,WBGene00000800,8.978768558444153e-21,WBGene00010878,2.8162306021754154e-05,WBGene00000018,2.9095489754628343e-12,WBGene00004880,8.371575966363528e-05,WBGene00004267,1.4338105428705627e-72,WBGene00006406,1.3570501863270475e-13,WBGene00002250,2.0656719992962423e-05,WBGene00002247,0.0010487957543257914,WBGene00007969,5.990679051321232e-22,WBGene00006479,1.1320381174179709e-07,WBGene00000163,1.4751834083150874e-08
64,WBGene00004752,1.5299362628769375e-80,WBGene00004390,4.584688727858446e-18,WBGene00021934,9.206762123425753e-18,WBGene00010560,3.536281100664097e-46,WBGene00006932,4.785859305271119e-63,WBGene00006575,2.3569180224109007e-87,WBGene00001087,3.76928248372358e-64,WBGene00001748,9.011333102155823e-24,WBGene00013462,3.3227821890513987e-128,WBGene00010908,2.328401798309045e-13,WBGene00011106,9.170520243692003e-09,WBGene00011344,1.0567305965630339e-20,WBGene00003063,3.6068284801518666e-05,WBGene00018872,2.9289104661336014e-12,WBGene00006697,9.737158093301782e-05,WBGene00021004,2.4431626427850394e-72,WBGene00000294,1.7012063427069487e-13,WBGene00020556,2.0876758630912143e-05,WBGene00010975,0.0010605299957860434,WBGene00001627,6.864347486964344e-22,WBGene00002363,1.3217402453025441e-07,WBGene00000776,1.4786036618191225e-08
65,WBGene00018330,6.505747925291461e-80,WBGene00000996,9.568181204175084e-18,WBGene00004203,1.6532518480044545e-17,WBGene00006833,6.4649904274858e-46,WBGene00011344,5.167629897332923e-63,WBGene00012033,1.4753394051332151e-86,WBGene00003367,5.5541419223975586e-64,WBGene00017349,1.7143742146062945e-23,WBGene00011605,4.4901585434282563e-128,WBGene00009628,2.4061293838875735e-13,WBGene00002189,1.0759628437394111e-08,WBGene00010908,1.2283585077472724e-20,WBGene00004493,4.199281778660641e-05,WBGene00012376,3.041380162620056e-12,WBGene00000480,9.923714671295118e-05,WBGene00000894,2.4887671985702076e-72,WBGene00018701,2.1136184215793597e-13,WBGene00014098,2.1693139489227837e-05,WBGene00001909,0.0010762921582027052,WBGene00015955,7.105520648656063e-22,WBGene00000149,1.3922673137241255e-07,WBGene00000376,1.6376513624404034e-08
66,WBGene00016258,1.2390016158899063e-78,WBGene00007175,1.6723886007761234e-17,WBGene00004434,2.469797135102567e-17,WBGene00009246,8.76142710125939e-46,WBGene00012337,6.445851589867841e-63,WBGene00006913,6.2684982636292525e-86,WBGene00013042,1.3389015551466061e-63,WBGene00021073,2.4376744668774086e-23,WBGene00021320,4.131184322610797e-126,WBGene00001172,2.421058153563784e-13,WBGene00002363,1.0839900114514771e-08,WBGene00013034,2.593837152847307e-20,WBGene00004410,4.291907703707033e-05,WBGene00018426,3.209249041133423e-12,WBGene00018877,0.00010627646049688338,WBGene00004207,4.44625244724313e-72,WBGene00004392,2.1648270662876928e-13,WBGene00020854,2.239455749450515e-05,WBGene00001101,0.0011159533735453306,WBGene00022518,8.936722369782636e-22,WBGene00000485,1.5850821454188484e-07,WBGene00014202,1.771982000475676e-08
67,WBGene00010496,1.1293170503884117e-77,WBGene00021934,3.1494802492146877e-17,WBGene00019402,4.246395721620109e-17,WBGene00004189,1.2911610816609141e-45,WBGene00004755,8.531933373322272e-63,WBGene00004272,4.878987592389323e-85,WBGene00021248,3.717325393914411e-63,WBGene00016611,3.16243740747978e-23,WBGene00044061,2.4265024856178227e-125,WBGene00017671,2.6558300203374226e-13,WBGene00011867,1.3638809569271302e-08,WBGene00000376,2.841526189497274e-20,WBGene00006767,4.3277138397414195e-05,WBGene00016393,3.984481518404953e-12,WBGene00001094,0.00011814535790376305,WBGene00020110,4.5097877400207467e-72,WBGene00015809,2.374887256442407e-13,WBGene00006746,2.3285701889911648e-05,WBGene00000201,0.0011706563675584337,WBGene00004879,2.5239688879132964e-21,WBGene00008505,1.5875189847288335e-07,WBGene00012813,1.806067126601634e-08
68,WBGene00018998,1.6557276245211683e-77,WBGene00017929,3.3250076437626964e-17,WBGene00004433,7.764202014702577e-17,WBGene00001335,3.4546964780451867e-45,WBGene00015512,8.879013286370983e-63,WBGene00022021,4.303795431047628e-84,WBGene00009010,7.743825467464257e-63,WBGene00010975,3.706525762141746e-23,WBGene00000071,5.444712115441997e-125,WBGene00008684,2.660611995545059e-13,WBGene00002980,1.6584904864260984e-08,WBGene00002078,2.926282895627166e-20,WBGene00015920,5.4813329496918924e-05,WBGene00012337,4.043046200337561e-12,WBGene00004504,0.00012101461030169829,WBGene00013598,4.602225929019624e-72,WBGene00013218,2.8037425060697505e-13,WBGene00004910,2.4155229789006594e-05,WBGene00000277,0.001185640851780657,WBGene00000403,6.003047203382871e-21,WBGene00002074,1.6692514641735677e-07,WBGene00017004,1.9912517338649582e-08
69,WBGene00016500,2.448552286564621e-77,WBGene00019770,3.649540405506737e-17,WBGene00004501,7.789287174845723e-17,WBGene00006767,1.120640732960363e-44,WBGene00022048,5.92910961642563e-62,WBGene00008006,4.4193748896831544e-82,WBGene00003596,5.627274222941846e-62,WBGene00003066,5.605322174723211e-23,WBGene00004701,6.867633914223736e-125,WBGene00004215,3.58938129094965e-13,WBGene00002074,1.6596409709598414e-08,WBGene00002038,3.746912015641542e-20,WBGene00001526,5.576621398633999e-05,WBGene00015237,4.717211473261896e-12,WBGene00004438,0.00012107822771659379,WBGene00003035,6.705793922233979e-72,WBGene00000072,2.8620452540868323e-13,WBGene00000776,2.6098943005273084e-05,WBGene00010670,0.0012216059494137602,WBGene00007924,1.9026156311443657e-20,WBGene00016630,1.8581839867315626e-07,WBGene00004357,2.2009159346996387e-08
70,WBGene00018319,2.4532455205459506e-77,WBGene00010713,1.0289220998208108e-16,WBGene00022021,8.158313157518613e-17,WBGene00009784,3.237501994081046e-44,WBGene00004032,9.932725002939998e-62,WBGene00021294,5.512590557249914e-82,WBGene00009920,7.818714995191845e-62,WBGene00002980,2.167201379892063e-22,WBGene00015581,9.16291089911278e-125,WBGene00017373,9.059851839320276e-13,WBGene00003047,1.9549330326478736e-08,WBGene00000898,4.347036510896742e-20,WBGene00004423,5.579543700961713e-05,WBGene00010908,4.768611589422751e-12,WBGene00004446,0.00013779500377953316,WBGene00001627,1.2599376411653392e-71,WBGene00004969,2.934373374202688e-13,WBGene00022360,2.630619491435623e-05,WBGene00001025,0.001263105757198024,WBGene00003043,2.4673447430095138e-20,WBGene00020679,2.1076981345811137e-07,WBGene00011146,2.2308848591409256e-08
71,WBGene00011775,2.776152552921238e-77,WBGene00010627,1.1567184402216308e-16,WBGene00000112,9.96077272695313e-17,WBGene00003372,1.2373319362200745e-43,WBGene00010908,1.0479868735850559e-61,WBGene00007186,5.810124180136671e-82,WBGene00018007,2.5397117625907727e-61,WBGene00004884,5.998066525026874e-22,WBGene00021073,2.807368230714805e-124,WBGene00012033,2.748082631691346e-12,WBGene00012983,2.0812780676919693e-08,WBGene00003794,5.433678739178265e-20,WBGene00003596,5.671556409427431e-05,WBGene00019401,9.0206822393514e-12,WBGene00001336,0.0001469325542002313,WBGene00004917,1.940567576505742e-71,WBGene00020462,3.2547552720772237e-13,WBGene00013732,2.6823981062801073e-05,WBGene00006776,0.001294203887398576,WBGene00009267,2.5200709549839563e-20,WBGene00008532,2.1470713838888994e-07,WBGene00006494,2.3288260591709543e-08
72,WBGene00002196,3.261464207420693e-76,WBGene00020297,1.503441411290446e-16,WBGene00010055,1.1268183242780634e-16,WBGene00010736,1.4533927904710696e-43,WBGene00016393,1.0523356390050596e-61,WBGene00006917,1.3288977452962278e-79,WBGene00021697,5.813964814294312e-61,WBGene00002039,6.421204045260136e-22,WBGene00006933,1.522142468551131e-123,WBGene00002048,4.28765714762442e-12,WBGene00000424,2.9968491128252404e-08,WBGene00021910,9.157411213518836e-20,WBGene00013680,6.170207451094632e-05,WBGene00006839,1.1240799534422293e-11,WBGene00004462,0.0001631281649355195,WBGene00020195,3.842017543917527e-71,WBGene00015810,4.051390029515559e-13,WBGene00006575,2.7229636867046228e-05,WBGene00007010,0.0013046567127920825,WBGene00009531,2.582167038058486e-20,WBGene00011775,2.3240977021195272e-07,WBGene00002202,3.418997678832084e-08
73,WBGene00022865,5.89720241122824e-76,WBGene00004463,1.8004395982044645e-16,WBGene00006596,2.1916102136879728e-16,WBGene00021427,1.6211939496743768e-43,WBGene00018187,2.430912127549686e-61,WBGene00010813,2.6871624513075833e-78,WBGene00004203,7.016430856301965e-60,WBGene00001189,6.7181513274568165e-22,WBGene00016846,1.5781992149186354e-123,WBGene00021506,5.062581706411353e-12,WBGene00003162,3.15616756762856e-08,WBGene00016509,9.733802711043786e-20,WBGene00006698,6.918343932359259e-05,WBGene00006932,1.1391912346773845e-11,WBGene00001744,0.0001669239300533224,WBGene00003772,1.438490044392349e-70,WBGene00012896,4.436373158200364e-13,WBGene00000163,2.8162923087799472e-05,WBGene00004268,0.0013618230598065714,WBGene00019883,2.7961043089517305e-20,WBGene00022089,2.6503078709355625e-07,WBGene00012031,3.439423474774518e-08
74,WBGene00015955,7.031270752295776e-76,WBGene00008682,2.2812871058728023e-16,WBGene00001844,3.7406293079897876e-16,WBGene00003844,1.748730272226392e-43,WBGene00000898,7.24230293772945e-61,WBGene00000836,4.669131181308789e-77,WBGene00010677,2.7031120386891407e-59,WBGene00018776,1.0248425500383383e-21,WBGene00018891,2.763844704216207e-123,WBGene00001748,5.1426234734739295e-12,WBGene00020181,5.897551217705407e-08,WBGene00002036,1.7085901652179635e-19,WBGene00004466,8.946811978982798e-05,WBGene00000102,1.1999308656735618e-11,WBGene00022271,0.00017865514655535035,WBGene00021320,2.1511807579012484e-70,WBGene00015146,5.232366357546663e-13,WBGene00007860,2.9651783194573656e-05,WBGene00015237,0.0013803644900781886,WBGene00004704,2.84422253719442e-20,WBGene00002223,2.7980443585362117e-07,WBGene00001038,3.4514521937275524e-08
75,WBGene00013028,1.9682944518289145e-75,WBGene00022042,9.20592585018674e-16,WBGene00004423,5.676719251509179e-16,WBGene00015734,2.2886358927074803e-43,WBGene00001258,1.4910643518204369e-60,WBGene00006751,1.3502161192983707e-76,WBGene00022738,4.151108554974038e-59,WBGene00021294,1.4466755893179739e-21,WBGene00006964,1.525094384510612e-122,WBGene00003878,6.244508322016118e-12,WBGene00010665,6.397626607242422e-08,WBGene00000102,2.5089403803923535e-19,WBGene00007000,9.045150751171017e-05,WBGene00022765,1.2064956092361084e-11,WBGene00008780,0.00018159170645368276,WBGene00018849,3.1058979158111416e-70,WBGene00000156,5.428655332597554e-13,WBGene00006508,3.3128373783720845e-05,WBGene00001073,0.0013916779900476767,WBGene00018319,1.025055910952416e-19,WBGene00003073,2.967264405437107e-07,WBGene00020821,4.837079653548691e-08
76,WBGene00018304,6.15690237558019e-75,WBGene00000293,1.961998873391921e-15,WBGene00007385,9.180593022898787e-16,WBGene00016162,5.606212350317471e-43,WBGene00006823,3.6882751625100163e-60,WBGene00006468,4.4128570655105864e-76,WBGene00010813,6.131978137592816e-59,WBGene00012359,6.822284062429286e-21,WBGene00003924,1.7068562693464155e-122,WBGene00000843,6.653653132050572e-12,WBGene00006596,7.148283429453742e-08,WBGene00014151,2.560402285963728e-19,WBGene00016907,9.708509474261085e-05,WBGene00017430,1.3937530569813348e-11,WBGene00007175,0.0001949964332350842,WBGene00020142,3.408721601061769e-70,WBGene00022019,6.522522454183257e-13,WBGene00000201,3.359936776689258e-05,WBGene00002189,0.0014405784724969904,WBGene00004895,1.2409285154728247e-19,WBGene00003858,3.484493769441108e-07,WBGene00011230,5.1086876786986775e-08
77,WBGene00000281,1.3655163298632274e-74,WBGene00012813,2.1085704358499288e-15,WBGene00010890,1.4471303188299836e-15,WBGene00019693,6.373966301767032e-43,WBGene00019893,4.4236367026820696e-60,WBGene00006479,7.071377150914951e-75,WBGene00003063,1.6139286988979243e-58,WBGene00000230,7.36142965801899e-21,WBGene00006616,2.455253489467675e-122,WBGene00003951,2.5225507083840843e-11,WBGene00013577,7.741884844216051e-08,WBGene00019209,2.776174619841339e-19,WBGene00009174,0.00011451782309220228,WBGene00001574,1.4215125681841343e-11,WBGene00001101,0.00019557647693731076,WBGene00000281,6.181318239539619e-70,WBGene00006503,7.591305690411378e-13,WBGene00013034,3.39724012704485e-05,WBGene00020821,0.0014785356015706206,WBGene00013020,1.9873794225750985e-19,WBGene00001137,3.877765397612738e-07,WBGene00021427,5.118372025688207e-08
78,WBGene00001284,3.609653851969563e-74,WBGene00002957,3.4025717083906832e-15,WBGene00022042,2.222306569917062e-15,WBGene00021888,7.424008631765392e-43,WBGene00014202,7.996886929302621e-60,WBGene00004758,1.5721951715362424e-73,WBGene00021752,1.9649106750989235e-57,WBGene00004091,8.5908426670933e-21,WBGene00019334,3.7692611991139e-122,WBGene00010478,2.5968307770214868e-11,WBGene00004766,1.017556209883151e-07,WBGene00018187,2.9692532682220933e-19,WBGene00006512,0.00011456193884466402,WBGene00019061,1.7877806881016093e-11,WBGene00011953,0.00025708771676714225,WBGene00003978,9.264201048284165e-70,WBGene00006708,8.217157549874818e-13,WBGene00018426,3.434094630662849e-05,WBGene00008480,0.001563047421554293,WBGene00015581,2.83863716588428e-19,WBGene00019061,4.798804024366782e-07,WBGene00006575,5.5621789023482766e-08
79,WBGene00006843,3.866616851458082e-74,WBGene00002025,3.445489583422752e-15,WBGene00002191,2.7679129453079527e-15,WBGene00001225,2.3304822579350748e-42,WBGene00018604,8.049668901567305e-60,WBGene00011559,2.8944496081427165e-72,WBGene00010419,1.0117619777210997e-56,WBGene00004271,1.2664364630805447e-20,WBGene00002196,5.397550296602104e-122,WBGene00014208,2.7056577781329325e-11,WBGene00009996,1.3414704473093484e-07,WBGene00044077,3.1345440605535697e-19,WBGene00001827,0.00013400920371564514,WBGene00000376,1.825396191492327e-11,WBGene00002250,0.0002601239268529784,WBGene00007111,1.0277636776862681e-69,WBGene00018304,9.405371403468821e-13,WBGene00006823,4.322696303634133e-05,WBGene00011344,0.0015983811699222855,WBGene00018467,3.927174397103712e-19,WBGene00014119,5.279275524823943e-07,WBGene00044079,5.906043828454936e-08
80,WBGene00000837,1.2176462834463087e-73,WBGene00018846,6.050244743560441e-15,WBGene00001227,4.9242540686811795e-15,WBGene00001431,3.4145480333073595e-42,WBGene00016509,1.1768385080370424e-59,WBGene00015743,3.846707089206782e-72,WBGene00004207,1.1095919247992168e-56,WBGene00004460,1.4391046798906942e-20,WBGene00017045,1.4966545213897285e-121,WBGene00004032,4.319772030910606e-11,WBGene00003567,1.3777088646509603e-07,WBGene00019893,3.2241789617694476e-19,WBGene00015927,0.00013929086362912528,WBGene00017316,1.865823244111704e-11,WBGene00010713,0.000262591891185674,WBGene00003516,1.1241966124412287e-69,WBGene00021327,1.579397497672067e-12,WBGene00003086,4.495757996373318e-05,WBGene00014151,0.0016942466152817107,WBGene00001008,4.563222037824531e-19,WBGene00003772,7.84770079850965e-07,WBGene00020770,5.938742573742438e-08
81,WBGene00002694,3.2570710792955046e-73,WBGene00016140,9.241118419351341e-15,WBGene00000148,1.4751756382324192e-14,WBGene00013518,6.040873415471547e-42,WBGene00014151,1.7181100972454502e-59,WBGene00004077,1.3815294296974626e-71,WBGene00000229,1.4678347533275682e-56,WBGene00021009,2.4600433721354752e-20,WBGene00019004,1.5381507941936956e-121,WBGene00001604,4.5699834760055057e-11,WBGene00014119,1.448507891036262e-07,WBGene00002070,3.893606645365231e-19,WBGene00004448,0.00013947869531384872,WBGene00000898,1.867454350958521e-11,WBGene00044061,0.0002886973663570501,WBGene00000962,2.627388827185019e-69,WBGene00003036,1.6737627686089234e-12,WBGene00009477,4.8613973611157404e-05,WBGene00004788,0.0017749923801699766,WBGene00004358,5.403945129217972e-19,WBGene00004215,8.64390930489377e-07,WBGene00006324,6.408039235251322e-08
82,WBGene00021346,5.164166440449389e-73,WBGene00021752,2.1393904298122367e-14,WBGene00009122,3.4514027459445355e-14,WBGene00007330,2.713279048453456e-41,WBGene00004268,6.008010345026943e-59,WBGene00044077,1.0981730928329455e-70,WBGene00012676,2.676678164699253e-56,WBGene00015301,2.5481810368720622e-20,WBGene00018304,2.4087243853158924e-121,WBGene00015525,4.665987237579876e-11,WBGene00003953,2.0369068874105023e-07,WBGene00000911,4.802107567581064e-19,WBGene00002998,0.00014133707877813506,WBGene00008682,2.258473716245522e-11,WBGene00010130,0.0003359125666605201,WBGene00015248,3.275570362610585e-69,WBGene00022378,1.8877315345133115e-12,WBGene00014151,4.8692088835968645e-05,WBGene00021629,0.001779203991477991,WBGene00016333,6.173762923873601e-19,WBGene00006433,9.706482548546082e-07,WBGene00006919,7.974407774617486e-08
83,WBGene00002074,6.577079359817553e-72,WBGene00012393,2.4320699410739112e-14,WBGene00004015,4.089844043091293e-14,WBGene00022599,3.0872087068423066e-41,WBGene00006497,1.6617773519512583e-58,WBGene00017045,5.5043531002606825e-70,WBGene00019162,1.2541703744138297e-55,WBGene00018788,5.455535078282349e-20,WBGene00003393,2.4239871598047165e-121,WBGene00006768,5.746313172897296e-11,WBGene00013597,2.143346746280169e-07,WBGene00017316,7.103347209254687e-19,WBGene00010044,0.00014566788900167803,WBGene00000911,2.3285604878472764e-11,WBGene00020383,0.0003371073206045996,WBGene00001235,5.617023194205252e-69,WBGene00012389,2.3781699368905247e-12,WBGene00000018,4.874097126199479e-05,WBGene00016889,0.0018202747788747587,WBGene00004355,7.229096531982637e-19,WBGene00004091,1.1029250616597544e-06,WBGene00001794,1.0173395989677497e-07
84,WBGene00015470,1.3980080304664918e-71,WBGene00044321,4.626151227980343e-14,WBGene00006856,5.609894077906732e-14,WBGene00003927,3.956051147070134e-41,WBGene00003794,1.9770448868573423e-58,WBGene00003373,2.5028380123725545e-68,WBGene00018849,1.8847897672419184e-55,WBGene00017373,8.268755986596145e-20,WBGene00020146,3.352322173025061e-121,WBGene00001196,6.874521383830907e-11,WBGene00006479,2.3573106870044068e-07,WBGene00006823,7.185398643260105e-19,WBGene00004015,0.00016805901837784487,WBGene00009452,2.5110438724274897e-11,WBGene00018890,0.00033911090458577325,WBGene00022531,6.328884911244843e-69,WBGene00017734,2.584926102253028e-12,WBGene00018872,4.984421099858214e-05,WBGene00016278,0.0018679894657641655,WBGene00000996,7.576160592031417e-19,WBGene00019305,1.2094493139004694e-06,WBGene00002247,1.1747134386507922e-07
85,WBGene00006373,4.345108463032371e-71,WBGene00003794,5.994815399893069e-14,WBGene00015778,9.283310133289761e-14,WBGene00006494,2.9436990306211895e-40,WBGene00002202,2.2086011731637548e-58,WBGene00017671,2.4639834807295055e-66,WBGene00000377,4.5964445483721045e-55,WBGene00001262,1.209827072697897e-19,WBGene00022400,3.6086814183870918e-121,WBGene00008876,7.91343886848359e-11,WBGene00014202,3.463331134810798e-07,WBGene00004274,7.34253309065254e-19,WBGene00017316,0.00019440033867284843,WBGene00002038,2.869184106991428e-11,WBGene00010844,0.0003445402587274455,WBGene00022434,1.5771562212831865e-68,WBGene00000160,2.838497633335583e-12,WBGene00011116,5.237909999295124e-05,WBGene00006823,0.0019110116105803905,WBGene00001560,8.423329438568063e-19,WBGene00002189,1.4001803678257565e-06,WBGene00004363,1.3157449550434153e-07
86,WBGene00009542,5.682858044494159e-71,WBGene00009958,7.788403561453814e-14,WBGene00010627,1.0835406708403824e-13,WBGene00001405,3.063678404178662e-40,WBGene00020437,3.0327352739406292e-58,WBGene00017016,5.939727739359898e-66,WBGene00004706,5.234078697047686e-55,WBGene00022119,1.4790923799184787e-19,WBGene00018290,8.315085753961517e-121,WBGene00006913,8.507959820813686e-11,WBGene00020443,3.8082238244389307e-07,WBGene00004755,9.362443016504615e-19,WBGene00004486,0.000204605617370521,WBGene00018847,2.878671946398151e-11,WBGene00013606,0.00037786493967534887,WBGene00004184,1.7542893467503086e-68,WBGene00003949,3.835158551028702e-12,WBGene00021910,5.4162317815289494e-05,WBGene00002070,0.0019382016906309442,WBGene00015146,8.559892850311893e-19,WBGene00001748,1.4422499044027401e-06,WBGene00022765,1.3165225119985497e-07
87,WBGene00006773,1.011126806102796e-70,WBGene00018837,1.3914745159668364e-13,WBGene00017605,1.2901423984007966e-13,WBGene00009992,3.167503116663849e-39,WBGene00019209,8.636601074392392e-58,WBGene00003009,7.793923358306721e-66,WBGene00015811,1.82134574874825e-54,WBGene00003878,1.5727827422951418e-19,WBGene00004286,4.848458930895969e-120,WBGene00011897,8.539008984348615e-11,WBGene00004462,3.9129719329681607e-07,WBGene00020114,9.84317611115957e-19,WBGene00010736,0.00023672611949843717,WBGene00007588,2.941652621148695e-11,WBGene00009664,0.00040235978980302385,WBGene00001225,2.0526472744853203e-68,WBGene00000200,4.44611688947573e-12,WBGene00018756,5.8592904085578236e-05,WBGene00015470,0.0019698408492849115,WBGene00013969,9.5849084696975e-19,WBGene00006460,1.499291691281693e-06,WBGene00000226,1.3167817964193203e-07
88,WBGene00004912,2.1468722746528316e-70,WBGene00020443,7.187531608333739e-13,WBGene00044321,3.134853560744814e-13,WBGene00011510,5.6323017469441475e-39,WBGene00000102,5.545453719801914e-57,WBGene00016002,1.4129439983162438e-65,WBGene00020827,6.84510153469777e-54,WBGene00006746,1.586845258650092e-19,WBGene00018075,4.4235921434720163e-119,WBGene00009542,9.149250032486622e-11,WBGene00001056,4.4962978207900037e-07,WBGene00004268,1.069373680188437e-18,WBGene00009996,0.0002672470224683347,WBGene00014202,3.6677844448365844e-11,WBGene00016162,0.0004063812521004007,WBGene00010813,2.338911718088258e-68,WBGene00004749,4.492516857947307e-12,WBGene00020821,6.022814465968889e-05,WBGene00013223,0.0020195089352690056,WBGene00017797,1.2849619547803095e-18,WBGene00011240,1.538306092384595e-06,WBGene00014151,1.5590549764089599e-07
89,WBGene00007645,3.725231836298655e-70,WBGene00019543,1.0754708469079691e-12,WBGene00001945,3.213229967856501e-13,WBGene00010326,7.964438972448393e-39,WBGene00004274,1.281390300076535e-56,WBGene00008143,2.658925839625311e-65,WBGene00044321,7.669028190857426e-54,WBGene00001983,1.7264745825381988e-19,WBGene00016653,2.1717488401920473e-118,WBGene00001094,1.018550903129999e-10,WBGene00021334,4.859780621843359e-07,WBGene00019748,1.4540445998418596e-18,WBGene00003947,0.0002993696109819275,WBGene00010478,3.693742859263112e-11,WBGene00004410,0.0004944033265591263,WBGene00011814,4.949417203598574e-68,WBGene00019334,5.66025790333776e-12,WBGene00007055,7.151920890761726e-05,WBGene00018847,0.0020302503434728373,WBGene00000289,1.5075291346943491e-18,WBGene00015413,1.6390487904701182e-06,WBGene00000793,1.821212209726415e-07
90,WBGene00009672,5.733266640915842e-70,WBGene00022599,1.3173500306806619e-12,WBGene00011142,4.2266308583489846e-13,WBGene00002045,1.438566034908068e-38,WBGene00007055,1.659695758416282e-56,WBGene00020572,9.085108608801497e-65,WBGene00008729,1.0259965570769709e-53,WBGene00001443,2.103365688720555e-19,WBGene00003953,2.277000415017082e-118,WBGene00003953,1.302347870522967e-10,WBGene00003878,5.606449754007244e-07,WBGene00006839,1.7337206272614123e-18,WBGene00004895,0.0003394056052565393,WBGene00018187,3.8993788567487616e-11,WBGene00000376,0.0005010973025629466,WBGene00004978,6.140323784940866e-68,WBGene00004912,5.6906662408982234e-12,WBGene00007703,7.175020019245102e-05,WBGene00001258,0.002053388073456448,WBGene00007955,2.6271751655292992e-18,WBGene00015553,1.6586555320940854e-06,WBGene00019893,2.1568703046385273e-07
91,WBGene00006503,1.1806416040607098e-69,WBGene00003034,1.330707200216515e-12,WBGene00021752,6.50460581856582e-13,WBGene00000224,1.5316424503500876e-38,WBGene00044077,3.317692820675499e-56,WBGene00021595,1.6250771084508495e-63,WBGene00000816,1.445234156323284e-53,WBGene00021506,2.5572605723154805e-19,WBGene00004392,3.028960863015411e-118,WBGene00021831,1.5378002707224314e-10,WBGene00001488,6.66160897405756e-07,WBGene00000018,1.8405371520945646e-18,WBGene00004465,0.00038777583619622026,WBGene00020437,5.010903085791366e-11,WBGene00015326,0.0005413332141984671,WBGene00001860,1.158671540631285e-67,WBGene00015251,5.989937521508084e-12,WBGene00000793,7.441400878550953e-05,WBGene00000908,0.0022121808856387323,WBGene00020572,3.2303641682981647e-18,WBGene00003156,1.6628582491998348e-06,WBGene00000146,2.1662219853001284e-07
92,WBGene00003172,1.523846434456653e-69,WBGene00010896,5.4021861707417516e-12,WBGene00006924,1.2295042820396418e-12,WBGene00020216,2.2306743026592398e-38,WBGene00017699,5.16619785854302e-56,WBGene00011232,9.918918874484096e-62,WBGene00004296,2.8644613281032204e-53,WBGene00003953,3.688779825513548e-19,WBGene00010629,1.779537341239034e-117,WBGene00010809,1.6433213708081868e-10,WBGene00015955,7.765560093885535e-07,WBGene00022765,2.3469983688045786e-18,WBGene00004762,0.0003935538029774504,WBGene00010641,5.378273691339255e-11,WBGene00000869,0.0005730496406707144,WBGene00006479,1.2712873137678013e-67,WBGene00016846,6.522932254243966e-12,WBGene00006498,7.622760762984978e-05,WBGene00019748,0.0022425057004358084,WBGene00004884,4.03381619674755e-18,WBGene00000217,1.6878931738197169e-06,WBGene00015525,2.1999011902925806e-07
93,WBGene00013020,2.5152115363412756e-69,WBGene00014021,5.801179199919742e-12,WBGene00002010,1.3171620578035318e-12,WBGene00009122,8.867554196783841e-38,WBGene00006839,5.225106839020913e-56,WBGene00000464,1.5303299863514459e-61,WBGene00004015,1.96181285161285e-52,WBGene00020146,4.718226589756051e-19,WBGene00022059,2.14383497325298e-117,WBGene00001008,1.906788896898507e-10,WBGene00004749,8.375186245303111e-07,WBGene00014202,2.621110652186437e-18,WBGene00015778,0.0003995217939715201,WBGene00012894,5.431949577390468e-11,WBGene00018271,0.000613857594683534,WBGene00017929,1.803674555009669e-67,WBGene00000369,9.01759034549358e-12,WBGene00009584,7.944799697507471e-05,WBGene00013667,0.0022991361336467467,WBGene00007055,5.309906080502024e-18,WBGene00009628,1.9870283809335542e-06,WBGene00008480,2.5980621456420634e-07
94,WBGene00012033,2.6521532408073326e-69,WBGene00020779,7.45260572294973e-12,WBGene00004184,5.434588876563231e-12,WBGene00001685,7.3705624684958386e-37,WBGene00000376,5.983116764805729e-56,WBGene00022280,1.5573381465361023e-61,WBGene00019323,1.1192565932713849e-51,WBGene00003951,1.0546981982716671e-18,WBGene00004705,2.518506820583675e-117,WBGene00008685,2.1391635266252166e-10,WBGene00010890,1.0632016469585341e-06,WBGene00013025,2.870754806848228e-18,WBGene00004426,0.0004184749220905542,WBGene00021910,5.5740902045649284e-11,WBGene00006839,0.000623854478244661,WBGene00003569,3.992613811666553e-67,WBGene00003948,1.1715680011579218e-11,WBGene00001574,8.113294904023786e-05,WBGene00001744,0.00232886878547436,WBGene00020111,7.089582915520055e-18,WBGene00004357,2.478717980776665e-06,WBGene00004788,2.6223458923016835e-07
95,WBGene00003036,5.173564334967206e-69,WBGene00008919,1.3768136493032622e-11,WBGene00004917,8.322821111834688e-12,WBGene00004245,1.0436911681349975e-36,WBGene00000911,6.04085714785475e-56,WBGene00007801,1.959497860763288e-61,WBGene00004459,4.3090057287439466e-51,WBGene00014015,1.949346973489854e-18,WBGene00021854,4.432586207504698e-117,WBGene00000292,2.654629634128255e-10,WBGene00000293,1.2651501353469731e-06,WBGene00004259,3.239045256009738e-18,WBGene00001227,0.000442637827758054,WBGene00001744,5.901991257050079e-11,WBGene00020417,0.0006572400656047028,WBGene00013343,8.122633300550075e-67,WBGene00000041,1.3995650128477334e-11,WBGene00015301,8.259343285504882e-05,WBGene00016117,0.002333651463538486,WBGene00006364,7.206476559039377e-18,WBGene00002632,2.8140647329919864e-06,WBGene00016509,2.6894430703003667e-07
96,WBGene00021753,2.3246228365873722e-68,WBGene00004259,1.3913276242594943e-11,WBGene00019543,9.113499620094489e-12,WBGene00003878,1.3087330772714314e-36,WBGene00004259,9.006425140327773e-56,WBGene00000892,4.64536338317963e-61,WBGene00012393,5.714774940107507e-51,WBGene00001025,2.7281155578906526e-18,WBGene00004296,7.95797934006093e-117,WBGene00022401,2.915794129060165e-10,WBGene00017316,1.3124975709268717e-06,WBGene00017699,4.3844248205696294e-18,WBGene00004461,0.0004742772434390378,WBGene00008502,6.6764873365287e-11,WBGene00001840,0.0006783847979421637,WBGene00000490,1.0642933522924356e-66,WBGene00019301,1.8799586381726914e-11,WBGene00003567,8.349724120455243e-05,WBGene00012868,0.0025281998364657574,WBGene00003893,9.060863547843686e-18,WBGene00018701,3.274243583150595e-06,WBGene00000464,3.0201610482277356e-07
97,WBGene00001620,7.806450927052843e-68,WBGene00001840,1.6023225728298615e-11,WBGene00006887,1.1693137530093728e-11,WBGene00020142,7.12448329643301e-36,WBGene00002078,1.2360600531715549e-55,WBGene00001627,5.5828349544570725e-61,WBGene00021088,1.2117496103109222e-50,WBGene00003924,3.877543495133269e-18,WBGene00003815,1.372977180454277e-116,WBGene00004411,3.0427150277560774e-10,WBGene00008532,1.3583345831251739e-06,WBGene00006497,4.697074593221664e-18,WBGene00004296,0.000490584185287449,WBGene00012386,7.054525651397234e-11,WBGene00015064,0.0007507505890581432,WBGene00008386,1.0839818371567094e-66,WBGene00003214,1.9281831998984185e-11,WBGene00000869,8.397719304349281e-05,WBGene00022358,0.00255195858287151,WBGene00019326,1.2820057230209238e-17,WBGene00013020,3.4700083825262717e-06,WBGene00002192,3.027110022040362e-07
98,WBGene00001612,1.0890594267767221e-67,WBGene00001744,1.9517072949048968e-11,WBGene00021248,1.1906394812465847e-11,WBGene00000880,1.5591126796900155e-35,WBGene00002070,3.036135852097848e-55,WBGene00013326,6.607108640520423e-61,WBGene00000550,1.449292739097758e-50,WBGene00015470,4.3383015406522476e-18,WBGene00000160,2.3933650914820464e-116,WBGene00008140,3.1094261596748123e-10,WBGene00001017,1.4068974757024725e-06,WBGene00012934,5.005609914943595e-18,WBGene00006856,0.0006093708284401368,WBGene00007050,8.21198417064002e-11,WBGene00002247,0.000805467482267556,WBGene00010736,1.1528326124010201e-66,WBGene00004703,1.9520797000686707e-11,WBGene00013223,8.92337898823657e-05,WBGene00014098,0.002729488232976874,WBGene00016500,2.030081387833506e-17,WBGene00004910,3.880697085028863e-06,WBGene00016739,3.4583260170321864e-07
99,WBGene00012359,1.0333445260442231e-66,WBGene00017724,2.429211403261672e-11,WBGene00022599,1.5205510429700968e-11,WBGene00019322,2.299174500567675e-35,WBGene00007175,3.771305395830539e-55,WBGene00012765,2.242178515398001e-60,WBGene00004014,5.308910955188979e-50,WBGene00011116,4.559649839740457e-18,WBGene00011527,6.775272735213247e-115,WBGene00011527,3.18157861699514e-10,WBGene00001489,1.4910089236543974e-06,WBGene00000226,6.227013896943004e-18,WBGene00013218,0.0006394504063325004,WBGene00017699,8.246374402610885e-11,WBGene00004424,0.0008412160293897941,WBGene00016995,1.3608839194431034e-66,WBGene00004913,2.094891904264103e-11,WBGene00009812,9.068717846406268e-05,WBGene00012337,0.002758170010141243,WBGene00015691,2.1298665506826318e-17,WBGene00015064,3.97809044697325e-06,WBGene00012868,3.7609317923352684e-07
